/*
SQLyog Ultimate v12.5.1 (64 bit)
MySQL - 5.7.33 : Database - db_ezv
*********************************************************************
*/

/*!40101 SET NAMES utf8 */;

/*!40101 SET SQL_MODE=''*/;

/*!40014 SET @OLD_UNIQUE_CHECKS=@@UNIQUE_CHECKS, UNIQUE_CHECKS=0 */;
/*!40014 SET @OLD_FOREIGN_KEY_CHECKS=@@FOREIGN_KEY_CHECKS, FOREIGN_KEY_CHECKS=0 */;
/*!40101 SET @OLD_SQL_MODE=@@SQL_MODE, SQL_MODE='NO_AUTO_VALUE_ON_ZERO' */;
/*!40111 SET @OLD_SQL_NOTES=@@SQL_NOTES, SQL_NOTES=0 */;
CREATE DATABASE /*!32312 IF NOT EXISTS*/`db_ezv` /*!40100 DEFAULT CHARACTER SET latin1 */;

USE `db_ezv`;

/*Table structure for table `activity_save` */

DROP TABLE IF EXISTS `activity_save`;

CREATE TABLE `activity_save` (
  `id_activitysave` int(11) NOT NULL AUTO_INCREMENT,
  `id_activity` int(11) NOT NULL,
  `id_user` int(11) NOT NULL,
  `created_at` timestamp NOT NULL DEFAULT CURRENT_TIMESTAMP,
  `updated_at` timestamp NOT NULL DEFAULT CURRENT_TIMESTAMP,
  `created_by` int(11) NOT NULL,
  `updated_by` int(11) NOT NULL,
  PRIMARY KEY (`id_activitysave`)
) ENGINE=InnoDB AUTO_INCREMENT=12 DEFAULT CHARSET=utf8mb4;

/*Data for the table `activity_save` */

insert  into `activity_save`(`id_activitysave`,`id_activity`,`id_user`,`created_at`,`updated_at`,`created_by`,`updated_by`) values 
(2,3,1,'2022-04-02 18:21:44','2022-04-02 18:21:44',1,1),
(5,28,1,'2022-06-17 02:09:09','2022-06-17 02:09:09',1,1),
(6,79,1,'2022-06-29 02:01:46','2022-06-29 02:01:46',1,1),
(7,18,1,'2022-06-29 02:01:47','2022-06-29 02:01:47',1,1),
(8,72,1,'2022-06-29 02:01:49','2022-06-29 02:01:49',1,1),
(9,16,1,'2022-06-29 02:01:50','2022-06-29 02:01:50',1,1),
(11,16,209,'2022-07-01 11:40:03','2022-07-01 11:40:03',209,209);

/*Table structure for table `district` */

DROP TABLE IF EXISTS `district`;

CREATE TABLE `district` (
  `id_district` int(11) NOT NULL AUTO_INCREMENT,
  `name` varchar(255) CHARACTER SET latin1 DEFAULT NULL,
  `latitude` double DEFAULT NULL,
  `longitude` double DEFAULT NULL,
  `created_at` timestamp NOT NULL DEFAULT CURRENT_TIMESTAMP,
  `updated_at` timestamp NOT NULL DEFAULT CURRENT_TIMESTAMP,
  `created_by` int(11) NOT NULL,
  `updated_by` int(11) NOT NULL,
  PRIMARY KEY (`id_district`)
) ENGINE=InnoDB AUTO_INCREMENT=11 DEFAULT CHARSET=utf8mb4;

/*Data for the table `district` */

insert  into `district`(`id_district`,`name`,`latitude`,`longitude`,`created_at`,`updated_at`,`created_by`,`updated_by`) values 
(1,'Badung',-8.5448056,114.8873382,'2022-04-13 18:07:48','2022-04-13 18:07:49',1,1),
(2,'Bangli',-8.3336208,115.2049049,'2022-04-13 18:08:48','2022-04-13 18:08:50',1,1),
(3,'Singaraja',-8.1186359,115.0713735,'2022-04-13 18:08:58','2022-04-13 18:09:00',1,1),
(4,'Gianyar',-8.4815674,115.1581625,'2022-04-13 18:09:07','2022-04-13 18:09:08',1,1),
(5,'Jembrana',-8.3128142,114.5427695,'2022-04-13 18:09:17','2022-04-13 18:09:18',1,1),
(6,'Karangasem',-8.3582356,115.4106706,'2022-04-13 18:09:26','2022-04-13 18:09:28',1,1),
(7,'Klungkung',-8.5407503,115.3849776,'2022-04-13 18:09:36','2022-04-13 18:09:38',1,1),
(8,'Tabanan',-8.4388641,114.9259625,'2022-04-13 18:09:48','2022-04-13 18:09:49',1,1),
(9,'Denpasar',-8.6725072,115.1542321,'2022-04-13 18:09:59','2022-04-13 18:10:01',1,1),
(10,'Lombok Utara',-8.3450657,116.1209304,'2022-05-25 17:42:32','2022-05-25 17:42:32',1,1);

/*Table structure for table `hotel_save` */

DROP TABLE IF EXISTS `hotel_save`;

CREATE TABLE `hotel_save` (
  `id_hotelsave` int(11) DEFAULT NULL,
  `id_hotel` int(11) DEFAULT NULL,
  `id_user` int(11) DEFAULT NULL,
  `created_at` timestamp NULL DEFAULT CURRENT_TIMESTAMP,
  `updated_at` timestamp NULL DEFAULT CURRENT_TIMESTAMP,
  `created_by` int(11) DEFAULT NULL,
  `updated_by` int(11) DEFAULT NULL
) ENGINE=InnoDB DEFAULT CHARSET=latin1;

/*Data for the table `hotel_save` */

/*Table structure for table `location` */

DROP TABLE IF EXISTS `location`;

CREATE TABLE `location` (
  `id_location` int(10) NOT NULL AUTO_INCREMENT,
  `id_district` int(11) NOT NULL,
  `name` varchar(100) NOT NULL,
  `description` text,
  `image` varchar(225) DEFAULT NULL,
  `latitude` double DEFAULT NULL,
  `longitude` double DEFAULT NULL,
  `created_at` timestamp NOT NULL DEFAULT CURRENT_TIMESTAMP,
  `updated_at` timestamp NOT NULL DEFAULT CURRENT_TIMESTAMP,
  `created_by` int(10) DEFAULT NULL,
  `updated_by` int(10) DEFAULT NULL,
  PRIMARY KEY (`id_location`),
  KEY `id_district` (`id_district`),
  CONSTRAINT `location_ibfk_1` FOREIGN KEY (`id_district`) REFERENCES `district` (`id_district`)
) ENGINE=InnoDB AUTO_INCREMENT=632 DEFAULT CHARSET=utf8mb4;

/*Data for the table `location` */

insert  into `location`(`id_location`,`id_district`,`name`,`description`,`image`,`latitude`,`longitude`,`created_at`,`updated_at`,`created_by`,`updated_by`) values 
(1,1,'Canggu','Canggu is a resort village on the south coast of the Indonesian island of Bali. It\'s surrounded by terraced rice paddies and known for beaches like Canggu and Echo, with strong surf. The nearby Seminyak resort area has high-end shops and restaurants. Just south of Seminyak, the beachside town of Kuta is known for its nightlife. North of Canggu, Tanah Lot is a Hindu temple that sits just offshore on a rocky outcrop.',NULL,-8.6395259,115.1049962,'2022-04-13 18:32:13','2022-04-13 18:32:15',1,1),
(2,1,'Dalung','Dalung is a town in the Badung Regency of Bali, Indonesia.',NULL,-8.6429069,115.1174937,'2022-04-13 18:32:23','2022-04-13 18:32:24',1,1),
(3,1,'Tibubeneng','Tibubeneng is a village in the south of Bali, Indonesia. Tibubeng was part of Canggu until it was split off in 1997. It is headed by an elected perbekel, or village head',NULL,-8.6474704,115.1161656,'2022-04-13 18:32:38','2022-04-13 18:32:42',1,1),
(4,1,'Pecatu','Pecatu is a region in the west of the Bukit Peninsula of Bali. Its hilly landscape creates smaller, more isolated beaches than at Nusa Dua on the eastern side of the peninsula. It is popular with surfers and also with nudists. The Uluwatu Temple is at Pecatu.',NULL,-8.8207824,115.0824492,'2022-04-13 18:33:28','2022-04-13 18:33:29',1,1),
(5,1,'Ungasan',NULL,NULL,-8.8266895,115.1402588,'2022-04-13 18:33:37','2022-04-13 18:33:39',1,1),
(6,1,'Kutuh',NULL,NULL,-8.827065,115.1686674,'2022-04-13 18:33:47','2022-04-13 18:33:51',1,1),
(7,1,'Kedonganan',NULL,NULL,-8.7632868,115.1709222,'2022-04-13 18:34:13','2022-04-13 18:34:15',1,1),
(8,1,'Tuban','Tuban, Kuta is a village in Badung Regency, Bali, Indonesia. It is served by Ngurah Rai International Airport, with Kelan bordering south. Kelan is a part of Tuban subdistricts, Kuta Subdistrict, Badung, Bali.',NULL,-8.74667,115.1537468,'2022-04-13 18:34:24','2022-04-13 18:34:25',1,1),
(9,1,'Kuta','Kuta is a beach and resort area in the south of the island of Bali, Indonesia. One of Bali\'s first tourist developments, it\'s best known for its party-centric atmosphere and surfing in the Indian Ocean. Kuta\'s long, consistent waves make it a popular surf spot, particularly for beginners, with plenty of outfitters offering board rentals and surf lessons',NULL,-8.7263223,115.1365132,'2022-04-13 18:34:32','2022-04-13 18:34:34',1,1),
(10,1,'Legian','Legian is a suburban and beach area on the west coast of Bali in Indonesia, just north of Kuta and south of Seminyak, the area between Jl. Melasti and Jl. Dhyana Pura. Administratively it is a district of Kuta District within Badung Regency.',NULL,-8.7043754,115.1629892,'2022-04-13 18:34:45','2022-04-13 18:34:46',1,1),
(11,1,'Seminyak','Seminyak is a beach resort area at the southern end of Bali, Indonesia, with many luxury hotels, villas and spas, as well as high-end shopping and restaurants. Sleek bars and clubs with busy sunset scenes line Seminyak and Petitenget beaches, which are wide, west-facing stretches of Indian Ocean shoreline with gray sand and good surfing conditions.',NULL,-8.6899114,115.1566542,'2022-04-13 18:34:55','2022-04-13 18:34:58',1,1),
(12,1,'Benoa',NULL,NULL,-8.7855292,115.1658007,'2022-04-13 18:35:07','2022-04-13 18:35:11',1,1),
(13,1,'Tanjung Benoa','Tanjung Benoa is a peninsula that is a subdistrict of Kuta South District of Badung Regency on Bali. It is famous for its beaches. Tanjung Benoa is also a location of various water sports like banana boat, scuba diving, parasailing, rolling donuts, seawalker, flying fish, snorkeling',NULL,-8.7585119,115.2126064,'2022-04-13 18:35:20','2022-04-13 18:35:22',1,1),
(14,1,'Jimbaran','Jimbaran is a fishing village and coastal resort south of Kuta on the Indonesian island of Bali. Jimbaran Bay has a long beach with calm waters. It\'s lined with fish restaurants and backed by tropical forest. At its northern end, colorful boats are pulled up by the lively, open-air Kedonganan fish market. Southwest of the bay are Dreamland Beach and Balangan Beach, known for their strong surf waves.',NULL,-8.7891663,115.1249582,'2022-04-13 18:35:39','2022-04-13 18:35:40',1,1),
(15,1,'Kerobokan','Kerobokan is a kelurahan in North Kuta district, Badung Regency, Bali, Indonesia. Kerobokan Prison is located there. It is boxed in by the Seminyak/Oberoi, Umalas/Canggu, and Denpasar regions. Near the main intersection, there is a night market selling local foods and other products',NULL,-8.6491525,115.1432471,'2022-04-13 18:35:48','2022-04-13 18:35:50',1,1),
(16,1,'Kerobokan Kelod',NULL,NULL,-8.6702022,115.1441988,'2022-04-13 18:36:02','2022-04-13 18:36:04',1,1),
(17,1,'Kerobokan Kaja',NULL,NULL,-8.6462657,115.1580462,'2022-04-13 18:36:43','2022-04-13 18:36:44',1,1),
(18,1,'Nusa Dua','Peaceful white-sand beach fringed by a number of high-end hotels, restaurants & resorts.\r\n\r\n',NULL,-8.7958519,115.2294097,'2022-04-13 18:38:05','2022-04-13 18:38:06',1,1),
(19,1,'Mengwi','Mengwi is a district in the Badung Regency, Bali, Indonesia and also covers Bali\'s heaviest tourist regions, situated to the north of Kuta District and North Kuta District, and including Canggu.',NULL,-8.5478454,115.0141635,'2022-04-13 18:38:41','2022-04-13 18:38:42',1,1),
(20,1,'Baha',NULL,NULL,-8.5230199,115.1775947,'2022-04-13 18:39:59','2022-04-13 18:40:01',1,1),
(21,1,'Petang',NULL,NULL,-8.3546958,115.0771589,'2022-04-13 18:40:58','2022-04-13 18:41:00',1,1),
(22,1,'Plaga',NULL,NULL,-8.2941328,115.2122462,'2022-04-13 18:41:07','2022-04-13 18:41:08',1,1),
(23,9,'Dauh Puri Kangin','','',-8.6583787,115.2131159,'2022-05-18 12:49:28','2022-05-18 12:49:28',NULL,NULL),
(24,9,'Dauh Puri Kauh','','',-8.6770036,115.1953328,'2022-05-18 12:49:28','2022-05-18 12:49:28',NULL,NULL),
(25,9,'Dauh Puri Klod','','',-8.6807837,115.2037967,'2022-05-18 12:49:28','2022-05-18 12:49:28',NULL,NULL),
(26,9,'Padang Sambian Kaja','','',-8.6317182,115.1699424,'2022-05-18 12:49:28','2022-05-18 12:49:28',NULL,NULL),
(27,9,'Padang Sambian Klod','','',-8.6741382,115.1627264,'2022-05-18 12:49:28','2022-05-18 12:49:28',NULL,NULL),
(28,9,'Pemecutan Klod','','',-8.6852971,115.1763173,'2022-05-18 12:49:28','2022-05-18 12:49:28',NULL,NULL),
(29,9,'Tegal Harum','','',-8.6704711,115.1863487,'2022-05-18 12:49:28','2022-05-18 12:49:28',NULL,NULL),
(30,9,'Tegal Kerta','','',-8.6579561,115.1885542,'2022-05-18 12:49:28','2022-05-18 12:49:28',NULL,NULL),
(31,9,'Dauh Puri','','',-8.6651863,115.2112546,'2022-05-18 12:49:28','2022-05-18 12:49:28',NULL,NULL),
(32,9,'Padang Sambian','','',-8.6613006,115.1705143,'2022-05-18 12:49:28','2022-05-18 12:49:28',NULL,NULL),
(33,9,'Pemecutan','','',-8.6579444,115.2009796,'2022-05-18 12:49:29','2022-05-18 12:49:29',NULL,NULL),
(34,9,'Pemogan','','',-8.7115706,115.1619433,'2022-05-18 12:49:29','2022-05-18 12:49:29',NULL,NULL),
(35,9,'Sanur Kaja','','',-8.6733307,115.2466748,'2022-05-18 12:49:29','2022-05-18 12:49:29',NULL,NULL),
(36,9,'Sanur Kauh','','',-8.6951606,115.2331339,'2022-05-18 12:49:29','2022-05-18 12:49:29',NULL,NULL),
(37,9,'Sidakarya','','',-8.7065551,115.2275162,'2022-05-18 12:49:29','2022-05-18 12:49:29',NULL,NULL),
(38,9,'Panjer','','',-8.6649992,115.2279338,'2022-05-18 12:49:29','2022-05-18 12:49:29',NULL,NULL),
(39,9,'Pedungan','','',-8.7138121,115.1755033,'2022-05-18 12:49:29','2022-05-18 12:49:29',NULL,NULL),
(40,9,'Renon','','',-8.6863826,115.2316578,'2022-05-18 12:49:29','2022-05-18 12:49:29',NULL,NULL),
(41,9,'Sanur','','',-8.6947445,115.2257077,'2022-05-18 12:49:29','2022-05-18 12:49:29',NULL,NULL),
(42,9,'Serangan','','',-8.7369552,115.2159873,'2022-05-18 12:49:29','2022-05-18 12:49:29',NULL,NULL),
(43,9,'Sesetan','','',-8.7027357,115.2036704,'2022-05-18 12:49:29','2022-05-18 12:49:29',NULL,NULL),
(44,9,'Dangin Puri Klod','','',-8.6665397,115.2155727,'2022-05-18 12:49:29','2022-05-18 12:49:29',NULL,NULL),
(45,9,'Kesiman Kertalangu','','',-8.6435857,115.2496877,'2022-05-18 12:49:29','2022-05-18 12:49:29',NULL,NULL),
(46,9,'Kesiman Petilan','','',-8.6431137,115.2339812,'2022-05-18 12:49:29','2022-05-18 12:49:29',NULL,NULL),
(47,9,'Penatih Dangin Puri','','',-8.6179331,115.2297934,'2022-05-18 12:49:29','2022-05-18 12:49:29',NULL,NULL),
(48,9,'Sumerta Kaja','','',-8.6498419,115.2276801,'2022-05-18 12:49:29','2022-05-18 12:49:29',NULL,NULL),
(49,9,'Sumerta Kauh','','',-8.6532677,115.2180727,'2022-05-18 12:49:29','2022-05-18 12:49:29',NULL,NULL),
(50,9,'Sumerta Klod/Kelod','','',-8.6556056,115.2256058,'2022-05-18 12:49:29','2022-05-18 12:49:29',NULL,NULL),
(51,9,'Dangin Puri','','',-8.6564238,115.2172932,'2022-05-18 12:49:29','2022-05-18 12:49:29',NULL,NULL),
(52,9,'Kesiman','','',-8.6599236,115.2503392,'2022-05-18 12:49:29','2022-05-18 12:49:29',NULL,NULL),
(53,9,'Penatih','','',-8.6150521,115.2191028,'2022-05-18 12:49:29','2022-05-18 12:49:29',NULL,NULL),
(54,9,'Sumerta','','',-8.6509232,115.2283638,'2022-05-18 12:49:29','2022-05-18 12:49:29',NULL,NULL),
(55,9,'Dangin Puri Kaja','','',-8.6435532,115.2109682,'2022-05-18 12:49:30','2022-05-18 12:49:30',NULL,NULL),
(56,9,'Dangin Puri Kangin','','',-8.6466321,115.2149977,'2022-05-18 12:49:30','2022-05-18 12:49:30',NULL,NULL),
(57,9,'Dangin Puri Kauh','','',-8.6511138,115.2120942,'2022-05-18 12:49:30','2022-05-18 12:49:30',NULL,NULL),
(58,9,'Dauh Puri Kaja','','',-8.6445877,115.2046587,'2022-05-18 12:49:30','2022-05-18 12:49:30',NULL,NULL),
(59,9,'Peguyangan Kaja','','',-8.6059742,115.2041737,'2022-05-18 12:49:30','2022-05-18 12:49:30',NULL,NULL),
(60,9,'Peguyangan Kangin','','',-8.6088046,115.1931348,'2022-05-18 12:49:30','2022-05-18 12:49:30',NULL,NULL),
(61,9,'Pemecutan Kaja','','',-8.6457492,115.1935163,'2022-05-18 12:49:30','2022-05-18 12:49:30',NULL,NULL),
(62,9,'Ubung Kaja','','',-8.6168182,115.1797272,'2022-05-18 12:49:30','2022-05-18 12:49:30',NULL,NULL),
(63,9,'Peguyangan','','',-8.6214977,115.1948658,'2022-05-18 12:49:30','2022-05-18 12:49:30',NULL,NULL),
(64,9,'Tonja','','',-8.6351737,115.2165283,'2022-05-18 12:49:30','2022-05-18 12:49:30',NULL,NULL),
(65,9,'Ubung','','',-8.6321514,115.1825555,'2022-05-18 12:49:30','2022-05-18 12:49:30',NULL,NULL),
(66,1,'Abiansemal','','',-8.5304073,115.1528841,'2022-05-24 10:09:26','2022-05-24 10:09:26',NULL,NULL),
(67,1,'Angantaka','','',-8.5828927,115.2324742,'2022-05-24 10:09:26','2022-05-24 10:09:26',NULL,NULL),
(68,1,'Ayunan','','',-8.5060032,115.1809603,'2022-05-24 10:09:26','2022-05-24 10:09:26',NULL,NULL),
(69,1,'Blahkiuh','','',-8.5080537,115.2026487,'2022-05-24 10:09:26','2022-05-24 10:09:26',NULL,NULL),
(70,1,'Bongkasa','','',-8.5093577,115.2138859,'2022-05-24 10:09:26','2022-05-24 10:09:26',NULL,NULL),
(71,1,'Bongkasa Pertiwi','','',-8.4769032,115.2204138,'2022-05-24 10:09:27','2022-05-24 10:09:27',NULL,NULL),
(72,1,'Darmasaba','','',-8.5843776,115.1932918,'2022-05-24 10:09:27','2022-05-24 10:09:27',NULL,NULL),
(73,1,'Dauh Yeh Cani','','',-8.5308462,115.1945173,'2022-05-24 10:09:27','2022-05-24 10:09:27',NULL,NULL),
(74,1,'Jagapati','','',-8.5938432,115.2309487,'2022-05-24 10:09:27','2022-05-24 10:09:27',NULL,NULL),
(75,1,'Mambal','','',-8.5430402,115.2042663,'2022-05-24 10:09:27','2022-05-24 10:09:27',NULL,NULL),
(76,1,'Mekar Bhuwana','','',-8.5493756,115.2242583,'2022-05-24 10:09:27','2022-05-24 10:09:27',NULL,NULL),
(77,1,'Punggul','','',-8.5034147,115.2043618,'2022-05-24 10:09:27','2022-05-24 10:09:27',NULL,NULL),
(78,1,'Sangeh','','',-8.4784697,115.1920273,'2022-05-24 10:09:27','2022-05-24 10:09:27',NULL,NULL),
(79,1,'Sedang','','',-8.5650902,115.2311033,'2022-05-24 10:09:27','2022-05-24 10:09:27',NULL,NULL),
(80,1,'Selat','','',-8.4795702,115.2016358,'2022-05-24 10:09:27','2022-05-24 10:09:27',NULL,NULL),
(81,1,'Sibang Gede','','',-8.5738041,115.2027348,'2022-05-24 10:09:27','2022-05-24 10:09:27',NULL,NULL),
(82,1,'Sibang Kaja','','',-8.5644387,115.2075352,'2022-05-24 10:09:27','2022-05-24 10:09:27',NULL,NULL),
(83,1,'Taman','','',-8.4809905,115.1942768,'2022-05-24 10:09:27','2022-05-24 10:09:27',NULL,NULL),
(84,1,'Tibubeneng','','',-8.6474292,115.1336758,'2022-05-24 10:09:27','2022-05-24 10:09:27',NULL,NULL),
(85,1,'Buduk','','',-8.6095232,115.1501933,'2022-05-24 10:09:27','2022-05-24 10:09:27',NULL,NULL),
(86,1,'Cemagi','','',-8.6323737,115.0924498,'2022-05-24 10:09:27','2022-05-24 10:09:27',NULL,NULL),
(87,1,'Gulingan','','',-8.5444331,115.1654443,'2022-05-24 10:09:27','2022-05-24 10:09:27',NULL,NULL),
(88,1,'Kekeran','','',-8.5805132,115.1420159,'2022-05-24 10:09:27','2022-05-24 10:09:27',NULL,NULL),
(89,1,'Kuwum','','',-8.4537132,115.1781308,'2022-05-24 10:09:27','2022-05-24 10:09:27',NULL,NULL),
(90,1,'Mengwi','','',-8.5658384,115.0879294,'2022-05-24 10:09:27','2022-05-24 10:09:27',NULL,NULL),
(91,1,'Mengwitani','','',-8.5658381,115.1604343,'2022-05-24 10:09:27','2022-05-24 10:09:27',NULL,NULL),
(92,1,'Munggu','','',-8.6288811,115.1099308,'2022-05-24 10:09:27','2022-05-24 10:09:27',NULL,NULL),
(93,1,'Penarungan','','',-8.5505042,115.1835804,'2022-05-24 10:09:27','2022-05-24 10:09:27',NULL,NULL),
(94,1,'Pererenan','','',-8.6401622,115.1216712,'2022-05-24 10:09:27','2022-05-24 10:09:27',NULL,NULL),
(95,1,'Sembung','','',-8.4723952,115.1703399,'2022-05-24 10:09:27','2022-05-24 10:09:27',NULL,NULL),
(96,1,'Sobangan','','',-8.5658384,115.0879294,'2022-05-24 10:09:27','2022-05-24 10:09:27',NULL,NULL),
(97,1,'Tumbak Bayuh','','',-8.6192016,115.1252168,'2022-05-24 10:09:27','2022-05-24 10:09:27',NULL,NULL),
(98,1,'Werdi Bhuwana','','',-8.5127031,115.1590743,'2022-05-24 10:09:27','2022-05-24 10:09:27',NULL,NULL),
(99,1,'Abianbase','','',-8.5924071,115.1610572,'2022-05-24 10:09:27','2022-05-24 10:09:27',NULL,NULL),
(100,1,'Kapal','','',-8.5682322,115.1634208,'2022-05-24 10:09:27','2022-05-24 10:09:27',NULL,NULL),
(101,1,'Lukluk','','',-8.5764501,115.1717823,'2022-05-24 10:09:27','2022-05-24 10:09:27',NULL,NULL),
(102,1,'Sading','','',-8.5985366,115.1790053,'2022-05-24 10:09:27','2022-05-24 10:09:27',NULL,NULL),
(103,1,'Sempidi','','',-8.6053246,115.1757858,'2022-05-24 10:09:27','2022-05-24 10:09:27',NULL,NULL),
(104,1,'Belok','','',-8.298815,115.1596584,'2022-05-24 10:09:27','2022-05-24 10:09:27',NULL,NULL),
(105,1,'Carangsari','','',-8.4497741,115.2046263,'2022-05-24 10:09:27','2022-05-24 10:09:27',NULL,NULL),
(106,1,'Getasan','','',-8.4282381,115.2156223,'2022-05-24 10:09:27','2022-05-24 10:09:27',NULL,NULL),
(107,1,'Pangsan','','',-8.4117013,115.2030013,'2022-05-24 10:09:27','2022-05-24 10:09:27',NULL,NULL),
(108,1,'Sulangai','','',-8.3543957,115.2000373,'2022-05-24 10:09:27','2022-05-24 10:09:27',NULL,NULL),
(109,2,'Bunutin','','',-8.5133852,115.3345777,'2022-05-24 10:09:27','2022-05-24 10:09:27',NULL,NULL),
(110,2,'Kayubihi','','',-8.3827605,115.3299093,'2022-05-24 10:09:28','2022-05-24 10:09:28',NULL,NULL),
(111,2,'Landih','','',-8.341394,115.3383208,'2022-05-24 10:09:28','2022-05-24 10:09:28',NULL,NULL),
(112,2,'Pengotan','','',-8.3226221,115.3356378,'2022-05-24 10:09:28','2022-05-24 10:09:28',NULL,NULL),
(113,2,'Taman Bali','','',-8.5033347,115.3332918,'2022-05-24 10:09:28','2022-05-24 10:09:28',NULL,NULL),
(114,2,'Bebalang','','',-8.4780631,115.3360348,'2022-05-24 10:09:28','2022-05-24 10:09:28',NULL,NULL),
(115,2,'Cempaga','','',-8.4424546,115.3449028,'2022-05-24 10:09:28','2022-05-24 10:09:28',NULL,NULL),
(116,2,'Kawan','','',-8.4614882,115.3461722,'2022-05-24 10:09:28','2022-05-24 10:09:28',NULL,NULL),
(117,2,'Kubu','','',-8.4272419,115.3471484,'2022-05-24 10:09:28','2022-05-24 10:09:28',NULL,NULL),
(118,2,'Abangsongan','','',-8.303456,115.3775013,'2022-05-24 10:09:28','2022-05-24 10:09:28',NULL,NULL),
(119,2,'Abuan','','',-8.3204691,115.2907738,'2022-05-24 10:09:28','2022-05-24 10:09:28',NULL,NULL),
(120,2,'Awan','','',-8.2439881,115.2708808,'2022-05-24 10:09:28','2022-05-24 10:09:28',NULL,NULL),
(121,2,'Bantang','','',-8.1920511,115.2870469,'2022-05-24 10:09:28','2022-05-24 10:09:28',NULL,NULL),
(122,2,'Banua','','',-8.3271686,115.2865732,'2022-05-24 10:09:28','2022-05-24 10:09:28',NULL,NULL),
(123,2,'Batudinding','','',-8.3012715,115.3699048,'2022-05-24 10:09:28','2022-05-24 10:09:28',NULL,NULL),
(124,2,'Batukaang','','',-8.2522691,115.2405544,'2022-05-24 10:09:28','2022-05-24 10:09:28',NULL,NULL),
(125,2,'Batur Selatan','','',-8.2506035,115.3280608,'2022-05-24 10:09:28','2022-05-24 10:09:28',NULL,NULL),
(126,2,'Batur Tengah','','',-8.2727032,115.3558778,'2022-05-24 10:09:28','2022-05-24 10:09:28',NULL,NULL),
(127,2,'Batur Utara','','',-8.2513649,115.3323447,'2022-05-24 10:09:28','2022-05-24 10:09:28',NULL,NULL),
(128,2,'Bayungcerik','','',-8.3029432,115.2658053,'2022-05-24 10:09:28','2022-05-24 10:09:28',NULL,NULL),
(129,2,'Bayung Gede','','',-8.2960557,115.3136443,'2022-05-24 10:09:28','2022-05-24 10:09:28',NULL,NULL),
(130,2,'Belancan','','',-8.2795331,115.2862398,'2022-05-24 10:09:28','2022-05-24 10:09:28',NULL,NULL),
(131,2,'Belandingan','','',-8.2018871,115.3958008,'2022-05-24 10:09:28','2022-05-24 10:09:28',NULL,NULL),
(132,2,'Belanga','','',-8.2485267,115.2529228,'2022-05-24 10:09:28','2022-05-24 10:09:28',NULL,NULL),
(133,2,'Belantih','','',-8.2308817,115.2542402,'2022-05-24 10:09:28','2022-05-24 10:09:28',NULL,NULL),
(134,2,'Binyan','','',-8.2757171,115.2293477,'2022-05-24 10:09:28','2022-05-24 10:09:28',NULL,NULL),
(135,2,'Bonyoh','','',-8.3138431,115.3052553,'2022-05-24 10:09:28','2022-05-24 10:09:28',NULL,NULL),
(136,2,'Buahan','','',-8.395937,115.2066067,'2022-05-24 10:09:28','2022-05-24 10:09:28',NULL,NULL),
(137,2,'Bunutin','','',-8.5133852,115.3345777,'2022-05-24 10:09:28','2022-05-24 10:09:28',NULL,NULL),
(138,2,'Catur','','',-8.225139,115.2109907,'2022-05-24 10:09:28','2022-05-24 10:09:28',NULL,NULL),
(139,2,'Daup','','',-8.2189817,115.2751964,'2022-05-24 10:09:28','2022-05-24 10:09:28',NULL,NULL),
(140,2,'Dausa','','',-8.1884276,115.2732593,'2022-05-24 10:09:28','2022-05-24 10:09:28',NULL,NULL),
(141,2,'Gunungbau','','',-8.2604816,115.2674573,'2022-05-24 10:09:28','2022-05-24 10:09:28',NULL,NULL),
(142,2,'Katung','','',-8.3143117,115.2865528,'2022-05-24 10:09:28','2022-05-24 10:09:28',NULL,NULL),
(143,2,'Kedisan','','',-8.2855047,115.3562323,'2022-05-24 10:09:28','2022-05-24 10:09:28',NULL,NULL),
(144,2,'Kintamani','','',-8.2496404,115.2049052,'2022-05-24 10:09:28','2022-05-24 10:09:28',NULL,NULL),
(145,2,'Kutuh','','',-8.8270226,115.1686674,'2022-05-24 10:09:28','2022-05-24 10:09:28',NULL,NULL),
(146,2,'Langgahan','','',-8.3188802,115.2518923,'2022-05-24 10:09:28','2022-05-24 10:09:28',NULL,NULL),
(147,2,'Lembean','','',-8.2977746,115.2675947,'2022-05-24 10:09:28','2022-05-24 10:09:28',NULL,NULL),
(148,2,'Mangguh','','',-8.3094912,115.2765454,'2022-05-24 10:09:28','2022-05-24 10:09:28',NULL,NULL),
(149,2,'Manikliyu','','',-8.2749626,115.2735173,'2022-05-24 10:09:28','2022-05-24 10:09:28',NULL,NULL),
(150,2,'Mengani','','',-8.2862361,115.2344769,'2022-05-24 10:09:29','2022-05-24 10:09:29',NULL,NULL),
(151,2,'Pengejaran','','',-8.1971776,115.2349449,'2022-05-24 10:09:29','2022-05-24 10:09:29',NULL,NULL),
(152,2,'Pinggan','','',-8.2030801,115.3679209,'2022-05-24 10:09:29','2022-05-24 10:09:29',NULL,NULL),
(153,2,'Satra','','',-8.1836536,115.2546904,'2022-05-24 10:09:29','2022-05-24 10:09:29',NULL,NULL),
(154,2,'Sekaan','','',-8.3254506,115.3120833,'2022-05-24 10:09:29','2022-05-24 10:09:29',NULL,NULL),
(155,2,'Sekardadi','','',-8.3131916,115.3311108,'2022-05-24 10:09:29','2022-05-24 10:09:29',NULL,NULL),
(156,2,'Selulung','','',-8.2009192,115.2559978,'2022-05-24 10:09:29','2022-05-24 10:09:29',NULL,NULL),
(157,2,'Serai','','',-8.2361751,115.2913193,'2022-05-24 10:09:29','2022-05-24 10:09:29',NULL,NULL),
(158,2,'Siakin','','',-8.178094,115.3333368,'2022-05-24 10:09:29','2022-05-24 10:09:29',NULL,NULL),
(159,2,'Songan A','','',-8.2283976,115.3724153,'2022-05-24 10:09:29','2022-05-24 10:09:29',NULL,NULL),
(160,2,'Songan B','','',-8.2335794,115.3461324,'2022-05-24 10:09:29','2022-05-24 10:09:29',NULL,NULL),
(161,2,'Subaya','','',-8.1607502,115.3286093,'2022-05-24 10:09:29','2022-05-24 10:09:29',NULL,NULL),
(162,2,'Sukawana','','',-8.2034811,115.2894653,'2022-05-24 10:09:29','2022-05-24 10:09:29',NULL,NULL),
(163,2,'Suter','','',-8.3231521,115.3646318,'2022-05-24 10:09:29','2022-05-24 10:09:29',NULL,NULL),
(164,2,'Terunyan','','',-8.2840365,115.3826263,'2022-05-24 10:09:29','2022-05-24 10:09:29',NULL,NULL),
(165,2,'Ulian','','',-8.2787886,115.2528012,'2022-05-24 10:09:30','2022-05-24 10:09:30',NULL,NULL),
(166,2,'Abuan','','',-8.3204691,115.2907738,'2022-05-24 10:09:30','2022-05-24 10:09:30',NULL,NULL),
(167,2,'Apuan','','',-8.3718866,115.1571243,'2022-05-24 10:09:30','2022-05-24 10:09:30',NULL,NULL),
(168,2,'Demulih','','',-8.483927,115.3048807,'2022-05-24 10:09:30','2022-05-24 10:09:30',NULL,NULL),
(169,2,'Pengiangan','','',-8.4047556,115.3184709,'2022-05-24 10:09:30','2022-05-24 10:09:30',NULL,NULL),
(170,2,'Penglumbaran','','',-8.3786927,115.3259409,'2022-05-24 10:09:30','2022-05-24 10:09:30',NULL,NULL),
(171,2,'Selat','','',-8.4102069,115.408381,'2022-05-24 10:09:30','2022-05-24 10:09:30',NULL,NULL),
(172,2,'Sulahan','','',-8.4161227,115.3266053,'2022-05-24 10:09:30','2022-05-24 10:09:30',NULL,NULL),
(173,2,'Susut','','',-8.427539,115.2698504,'2022-05-24 10:09:30','2022-05-24 10:09:30',NULL,NULL),
(174,2,'Tiga','','',-8.3768536,115.3089184,'2022-05-24 10:09:30','2022-05-24 10:09:30',NULL,NULL),
(175,2,'Bangbang','','',-8.4351141,115.3879349,'2022-05-24 10:09:30','2022-05-24 10:09:30',NULL,NULL),
(176,2,'Jehem','','',-8.4284265,115.3023524,'2022-05-24 10:09:30','2022-05-24 10:09:30',NULL,NULL),
(177,2,'Peninjoan','','',-8.404789,115.3678568,'2022-05-24 10:09:30','2022-05-24 10:09:30',NULL,NULL),
(178,2,'Tembuku','','',-8.4176,115.3181309,'2022-05-24 10:09:30','2022-05-24 10:09:30',NULL,NULL),
(179,2,'Undisan','','',-8.4450917,115.3771373,'2022-05-24 10:09:30','2022-05-24 10:09:30',NULL,NULL),
(180,2,'Yangapi','','',-8.4006044,115.3198145,'2022-05-24 10:09:30','2022-05-24 10:09:30',NULL,NULL),
(181,3,'Banjar','','',-8.236629,114.962335,'2022-05-24 10:09:30','2022-05-24 10:09:30',NULL,NULL),
(182,3,'Banjar Tegeha','','',-8.2055042,114.9621792,'2022-05-24 10:09:30','2022-05-24 10:09:30',NULL,NULL),
(183,3,'Banyuatis','','',-8.2636597,115.0137652,'2022-05-24 10:09:30','2022-05-24 10:09:30',NULL,NULL),
(184,3,'Banyuseri','','',-8.2448977,114.9903832,'2022-05-24 10:09:30','2022-05-24 10:09:30',NULL,NULL),
(185,3,'Cempaga','','',-8.2097047,114.9870692,'2022-05-24 10:09:30','2022-05-24 10:09:30',NULL,NULL),
(186,3,'Dencarik','','',-8.1900371,114.9690862,'2022-05-24 10:09:30','2022-05-24 10:09:30',NULL,NULL),
(187,3,'Gesing','','',-8.2904786,115.0574623,'2022-05-24 10:09:30','2022-05-24 10:09:30',NULL,NULL),
(188,3,'Gobleg','','',-8.2618565,115.0235482,'2022-05-24 10:09:30','2022-05-24 10:09:30',NULL,NULL),
(189,3,'Kaliasem','','',-8.1762426,115.0053367,'2022-05-24 10:09:30','2022-05-24 10:09:30',NULL,NULL),
(190,3,'Kayuputih','','',-8.188344,115.0094978,'2022-05-24 10:09:30','2022-05-24 10:09:30',NULL,NULL),
(191,3,'Munduk','','',-8.2682822,115.0615793,'2022-05-24 10:09:30','2022-05-24 10:09:30',NULL,NULL),
(192,3,'Pedawa','','',-8.2329277,115.0224468,'2022-05-24 10:09:30','2022-05-24 10:09:30',NULL,NULL),
(193,3,'Sidetapa','','',-8.2123781,114.9738943,'2022-05-24 10:09:30','2022-05-24 10:09:30',NULL,NULL),
(194,3,'Tampekan','','',-8.2020379,114.9704481,'2022-05-24 10:09:30','2022-05-24 10:09:30',NULL,NULL),
(195,3,'Temukus','','',-8.1799351,114.9786114,'2022-05-24 10:09:30','2022-05-24 10:09:30',NULL,NULL),
(196,3,'Tigawasa','','',-8.2029645,115.0093443,'2022-05-24 10:09:30','2022-05-24 10:09:30',NULL,NULL),
(197,3,'Tirtasari','','',-8.2535507,115.0086133,'2022-05-24 10:09:30','2022-05-24 10:09:30',NULL,NULL),
(198,3,'Alasangker','','',-8.1458911,115.1220918,'2022-05-24 10:09:30','2022-05-24 10:09:30',NULL,NULL),
(199,3,'Anturan','','',-8.1571171,115.0252108,'2022-05-24 10:09:30','2022-05-24 10:09:30',NULL,NULL),
(200,3,'Bakti Seraga','','',-8.1264182,115.0677343,'2022-05-24 10:09:30','2022-05-24 10:09:30',NULL,NULL),
(201,3,'Jinengdalem','','',-8.1199441,115.0967843,'2022-05-24 10:09:30','2022-05-24 10:09:30',NULL,NULL),
(202,3,'Kalibukbuk','','',-8.159711,115.0313518,'2022-05-24 10:09:30','2022-05-24 10:09:30',NULL,NULL),
(203,3,'Nagasepaha','','',-8.1464005,115.1051095,'2022-05-24 10:09:30','2022-05-24 10:09:30',NULL,NULL),
(204,3,'Pemaron','','',-8.1312867,115.0537558,'2022-05-24 10:09:30','2022-05-24 10:09:30',NULL,NULL),
(205,3,'Penglatan','','',-8.1194957,115.1122352,'2022-05-24 10:09:30','2022-05-24 10:09:30',NULL,NULL),
(206,3,'Petandakan','','',-8.1350024,115.1021235,'2022-05-24 10:09:30','2022-05-24 10:09:30',NULL,NULL),
(207,3,'Poh Bergong','','',-8.1339762,115.1348802,'2022-05-24 10:09:30','2022-05-24 10:09:30',NULL,NULL),
(208,3,'Sari Mekar','','',-8.1351515,115.0915068,'2022-05-24 10:09:30','2022-05-24 10:09:30',NULL,NULL),
(209,3,'Tukadmungga','','',-8.1435801,115.0468117,'2022-05-24 10:09:30','2022-05-24 10:09:30',NULL,NULL),
(210,3,'Astina','','',-8.1171578,115.0904756,'2022-05-24 10:09:30','2022-05-24 10:09:30',NULL,NULL),
(211,3,'Banjar Bali','','',-8.1086222,115.0893843,'2022-05-24 10:09:30','2022-05-24 10:09:30',NULL,NULL),
(212,3,'Banjar Jawa','','',-8.113645,115.0875811,'2022-05-24 10:09:31','2022-05-24 10:09:31',NULL,NULL),
(213,3,'Banjar Tegal','','',-8.1216664,115.0845972,'2022-05-24 10:09:31','2022-05-24 10:09:31',NULL,NULL),
(214,3,'Banyuasri','','',-8.1166152,115.0715447,'2022-05-24 10:09:31','2022-05-24 10:09:31',NULL,NULL),
(215,3,'Banyuning','','',-8.1115411,115.0870268,'2022-05-24 10:09:31','2022-05-24 10:09:31',NULL,NULL),
(216,3,'Beratan','','',-8.1321826,115.0979054,'2022-05-24 10:09:31','2022-05-24 10:09:31',NULL,NULL),
(217,3,'Kaliuntu','','',-8.1121258,115.0791981,'2022-05-24 10:09:31','2022-05-24 10:09:31',NULL,NULL),
(218,3,'Kampung Anyar','','',-8.1080767,115.0833898,'2022-05-24 10:09:31','2022-05-24 10:09:31',NULL,NULL),
(219,3,'Kampung Baru','','',-8.1031389,115.0900146,'2022-05-24 10:09:31','2022-05-24 10:09:31',NULL,NULL),
(220,3,'Kampung Bugis','','',-8.1053972,115.0853323,'2022-05-24 10:09:31','2022-05-24 10:09:31',NULL,NULL),
(221,3,'Kampung Kajanan','','',-8.1068117,115.0881923,'2022-05-24 10:09:31','2022-05-24 10:09:31',NULL,NULL),
(222,3,'Kampung Singaraja','','',-8.1246917,115.0947179,'2022-05-24 10:09:31','2022-05-24 10:09:31',NULL,NULL),
(223,3,'Kendran','','',-8.1211877,115.0944504,'2022-05-24 10:09:31','2022-05-24 10:09:31',NULL,NULL),
(224,3,'Liligundi','','',-8.1314843,115.0930221,'2022-05-24 10:09:31','2022-05-24 10:09:31',NULL,NULL),
(225,3,'Paket Agung','','',-8.1280514,115.0868357,'2022-05-24 10:09:31','2022-05-24 10:09:31',NULL,NULL),
(226,3,'Penarukan','','',-8.0980661,115.0944373,'2022-05-24 10:09:31','2022-05-24 10:09:31',NULL,NULL),
(227,3,'Bengkel','','',-8.2842348,115.0055864,'2022-05-24 10:09:31','2022-05-24 10:09:31',NULL,NULL),
(228,3,'Bongancina','','',-8.3445662,114.9296244,'2022-05-24 10:09:31','2022-05-24 10:09:31',NULL,NULL),
(229,3,'Busung Biu','','',-8.3123846,114.8906184,'2022-05-24 10:09:31','2022-05-24 10:09:31',NULL,NULL),
(230,3,'Kedis','','',-8.2817237,114.9767018,'2022-05-24 10:09:31','2022-05-24 10:09:31',NULL,NULL),
(231,3,'Kekeran','','',-8.2669077,114.9644692,'2022-05-24 10:09:31','2022-05-24 10:09:31',NULL,NULL),
(232,3,'Pelapuan','','',-8.2659627,114.9881641,'2022-05-24 10:09:31','2022-05-24 10:09:31',NULL,NULL),
(233,3,'Pucaksari','','',-8.3096695,114.9197293,'2022-05-24 10:09:31','2022-05-24 10:09:31',NULL,NULL),
(234,3,'Sepang','','',-8.308672,114.8813148,'2022-05-24 10:09:31','2022-05-24 10:09:31',NULL,NULL),
(235,3,'Sepang Kelod','','',-8.3297584,114.8513618,'2022-05-24 10:09:31','2022-05-24 10:09:31',NULL,NULL),
(236,3,'Subuk','','',-8.2856937,114.9554558,'2022-05-24 10:09:31','2022-05-24 10:09:31',NULL,NULL),
(237,3,'Telaga','','',-8.2769671,114.9306588,'2022-05-24 10:09:31','2022-05-24 10:09:31',NULL,NULL),
(238,3,'Tinggarsari','','',-8.2939607,114.9824148,'2022-05-24 10:09:31','2022-05-24 10:09:31',NULL,NULL),
(239,3,'Tista','','',-8.3572276,114.8839322,'2022-05-24 10:09:31','2022-05-24 10:09:31',NULL,NULL),
(240,3,'Titab','','',-8.2671572,114.9475987,'2022-05-24 10:09:31','2022-05-24 10:09:31',NULL,NULL),
(241,3,'Umejero','','',-8.2916927,115.0319753,'2022-05-24 10:09:31','2022-05-24 10:09:31',NULL,NULL),
(242,3,'Banyupoh','','',-8.1876126,114.6401423,'2022-05-24 10:09:31','2022-05-24 10:09:31',NULL,NULL),
(243,3,'Celukanbawang','','',-8.1972321,114.8353703,'2022-05-24 10:09:31','2022-05-24 10:09:31',NULL,NULL),
(244,3,'Gerokgak','','',-8.1912655,114.7817422,'2022-05-24 10:09:31','2022-05-24 10:09:31',NULL,NULL),
(245,3,'Musi','','',-8.1935205,114.7024127,'2022-05-24 10:09:31','2022-05-24 10:09:31',NULL,NULL),
(246,3,'Patas','','',-8.2214906,114.7611413,'2022-05-24 10:09:31','2022-05-24 10:09:31',NULL,NULL),
(247,3,'Pejarakan','','',-8.1535835,114.5375713,'2022-05-24 10:09:31','2022-05-24 10:09:31',NULL,NULL),
(248,3,'Pemuteran','','',-8.170488,114.6140583,'2022-05-24 10:09:31','2022-05-24 10:09:31',NULL,NULL),
(249,3,'Pengulon','','',-8.223321,114.7873877,'2022-05-24 10:09:31','2022-05-24 10:09:31',NULL,NULL),
(250,3,'Penyabangan','','',-8.1799025,114.6823783,'2022-05-24 10:09:31','2022-05-24 10:09:31',NULL,NULL),
(251,3,'Sanggalangit','','',-8.1945456,114.7423438,'2022-05-24 10:09:31','2022-05-24 10:09:31',NULL,NULL),
(252,3,'Sumberklampok','','',-8.1485844,114.4325925,'2022-05-24 10:09:31','2022-05-24 10:09:31',NULL,NULL),
(253,3,'Sumberkima','','',-8.1670001,114.5531064,'2022-05-24 10:09:31','2022-05-24 10:09:31',NULL,NULL),
(254,3,'Tinga-Tinga','','',-8.2588074,114.7629324,'2022-05-24 10:09:31','2022-05-24 10:09:31',NULL,NULL),
(255,3,'Tukadsumaga','','',-8.2595699,114.7190603,'2022-05-24 10:09:31','2022-05-24 10:09:31',NULL,NULL),
(256,3,'Bengkala','','',-8.1036956,115.1568194,'2022-05-24 10:09:31','2022-05-24 10:09:31',NULL,NULL),
(257,3,'Bila','','',-8.112566,115.1703733,'2022-05-24 10:09:31','2022-05-24 10:09:31',NULL,NULL),
(258,3,'Bontihing','','',-8.1406266,115.1886838,'2022-05-24 10:09:31','2022-05-24 10:09:31',NULL,NULL),
(259,3,'Bukti','','',-8.0886661,115.2143438,'2022-05-24 10:09:31','2022-05-24 10:09:31',NULL,NULL),
(260,3,'Bulian','','',-8.1049991,115.1828598,'2022-05-24 10:09:31','2022-05-24 10:09:31',NULL,NULL),
(261,3,'Depeha','','',-8.1138476,115.2118183,'2022-05-24 10:09:31','2022-05-24 10:09:31',NULL,NULL),
(262,3,'Kubutambahan','','',-8.0894215,115.2228432,'2022-05-24 10:09:31','2022-05-24 10:09:31',NULL,NULL),
(263,3,'Mengening','','',-8.1541776,115.2230759,'2022-05-24 10:09:32','2022-05-24 10:09:32',NULL,NULL),
(264,3,'Pakisan','','',-8.1815229,115.1490055,'2022-05-24 10:09:32','2022-05-24 10:09:32',NULL,NULL),
(265,3,'Tajun','','',-8.1504026,115.2138967,'2022-05-24 10:09:32','2022-05-24 10:09:32',NULL,NULL),
(266,3,'Tambakan','','',-8.208906,115.1796778,'2022-05-24 10:09:32','2022-05-24 10:09:32',NULL,NULL),
(267,3,'Tamblang','','',-8.1306761,115.1945678,'2022-05-24 10:09:32','2022-05-24 10:09:32',NULL,NULL),
(268,3,'Tunjung','','',-8.1142861,115.2272598,'2022-05-24 10:09:32','2022-05-24 10:09:32',NULL,NULL),
(269,3,'Bebetin','','',-8.164722,115.1611222,'2022-05-24 10:09:32','2022-05-24 10:09:32',NULL,NULL),
(270,3,'Bungkulan','','',-8.0812102,115.1396083,'2022-05-24 10:09:32','2022-05-24 10:09:32',NULL,NULL),
(271,3,'Galungan','','',-8.1872886,115.1856533,'2022-05-24 10:09:32','2022-05-24 10:09:32',NULL,NULL),
(272,3,'Giri Emas','','',-8.0867321,115.1270648,'2022-05-24 10:09:32','2022-05-24 10:09:32',NULL,NULL),
(273,3,'Jagaraga','','',-8.1080467,115.1519358,'2022-05-24 10:09:32','2022-05-24 10:09:32',NULL,NULL),
(274,3,'Kerobokan','','',-8.0923622,115.1160917,'2022-05-24 10:09:32','2022-05-24 10:09:32',NULL,NULL),
(275,3,'Lemukih','','',-8.211294,115.1567288,'2022-05-24 10:09:32','2022-05-24 10:09:32',NULL,NULL),
(276,3,'Menyali','','',-8.1256232,115.1609527,'2022-05-24 10:09:32','2022-05-24 10:09:32',NULL,NULL),
(277,3,'Sangsit','','',-8.0934146,115.1185003,'2022-05-24 10:09:32','2022-05-24 10:09:32',NULL,NULL),
(278,3,'Sawan','','',-8.1539061,115.1001909,'2022-05-24 10:09:32','2022-05-24 10:09:32',NULL,NULL),
(279,3,'Sekumpul','','',-8.1663612,115.1814526,'2022-05-24 10:09:32','2022-05-24 10:09:32',NULL,NULL),
(280,3,'Sinabun','','',-8.1076346,115.1254617,'2022-05-24 10:09:32','2022-05-24 10:09:32',NULL,NULL),
(281,3,'Sudaji','','',-8.156466,115.1343168,'2022-05-24 10:09:32','2022-05-24 10:09:32',NULL,NULL),
(282,3,'Suwug','','',-8.1234541,115.1313633,'2022-05-24 10:09:32','2022-05-24 10:09:32',NULL,NULL),
(283,3,'Banjar Asem','','',-8.1987292,114.8866657,'2022-05-24 10:09:32','2022-05-24 10:09:32',NULL,NULL),
(284,3,'Bestala','','',-8.2462077,114.9665052,'2022-05-24 10:09:32','2022-05-24 10:09:32',NULL,NULL),
(285,3,'Bubunan','','',-8.2063516,114.9303352,'2022-05-24 10:09:32','2022-05-24 10:09:32',NULL,NULL),
(286,3,'Gunungsari','','',-8.2577217,114.9862468,'2022-05-24 10:09:32','2022-05-24 10:09:32',NULL,NULL),
(287,3,'Joanyar','','',-8.2137801,114.9169402,'2022-05-24 10:09:32','2022-05-24 10:09:32',NULL,NULL),
(288,3,'Kalianget','','',-8.1945496,114.9507267,'2022-05-24 10:09:32','2022-05-24 10:09:32',NULL,NULL),
(289,3,'Kalisada','','',-8.1970942,114.8738807,'2022-05-24 10:09:32','2022-05-24 10:09:32',NULL,NULL),
(290,3,'Lokapaksa','','',-8.2081345,114.8838503,'2022-05-24 10:09:32','2022-05-24 10:09:32',NULL,NULL),
(291,3,'Mayong','','',-8.2338546,114.9267212,'2022-05-24 10:09:32','2022-05-24 10:09:32',NULL,NULL),
(292,3,'Munduk Bestala','','',-8.2446421,114.9793548,'2022-05-24 10:09:32','2022-05-24 10:09:32',NULL,NULL),
(293,3,'Pangkung Paruk','','',-8.271005,114.8012395,'2022-05-24 10:09:32','2022-05-24 10:09:32',NULL,NULL),
(294,3,'Patemon','','',-8.2083912,114.9230813,'2022-05-24 10:09:32','2022-05-24 10:09:32',NULL,NULL),
(295,3,'Pengastulan','','',-8.1856439,114.9256131,'2022-05-24 10:09:32','2022-05-24 10:09:32',NULL,NULL),
(296,3,'Rangdu','','',-8.2357772,114.9432813,'2022-05-24 10:09:32','2022-05-24 10:09:32',NULL,NULL),
(297,3,'Ringdikit','','',-8.2321246,114.9250799,'2022-05-24 10:09:32','2022-05-24 10:09:32',NULL,NULL),
(298,3,'Sulanyah','','',-8.1934231,114.9334267,'2022-05-24 10:09:32','2022-05-24 10:09:32',NULL,NULL),
(299,3,'Tangguwisia','','',-8.1930787,114.9410347,'2022-05-24 10:09:33','2022-05-24 10:09:33',NULL,NULL),
(300,3,'Ularan','','',-8.2436991,114.9166989,'2022-05-24 10:09:33','2022-05-24 10:09:33',NULL,NULL),
(301,3,'Umeanyar','','',-8.2030826,114.8903393,'2022-05-24 10:09:33','2022-05-24 10:09:33',NULL,NULL),
(302,3,'Unggahan','','',-8.2659166,114.8887567,'2022-05-24 10:09:33','2022-05-24 10:09:33',NULL,NULL),
(303,3,'Seririt','','',-8.2591435,114.8476349,'2022-05-24 10:09:33','2022-05-24 10:09:33',NULL,NULL),
(304,3,'Ambengan','','',-8.1857286,115.1046123,'2022-05-24 10:09:33','2022-05-24 10:09:33',NULL,NULL),
(305,3,'Git Git','','',-8.1901887,115.1166238,'2022-05-24 10:09:33','2022-05-24 10:09:33',NULL,NULL),
(306,3,'Kayu Putih','','',-8.188344,115.0094978,'2022-05-24 10:09:33','2022-05-24 10:09:33',NULL,NULL),
(307,3,'Padang Bulia','','',-8.1587441,115.1139817,'2022-05-24 10:09:33','2022-05-24 10:09:33',NULL,NULL),
(308,3,'Pancasari','','',-8.2720665,115.0997573,'2022-05-24 10:09:33','2022-05-24 10:09:33',NULL,NULL),
(309,3,'Panji','','',-8.1727685,115.0530653,'2022-05-24 10:09:33','2022-05-24 10:09:33',NULL,NULL),
(310,3,'Panji Anom','','',-8.180638,115.0476348,'2022-05-24 10:09:33','2022-05-24 10:09:33',NULL,NULL),
(311,3,'Pegadungan','','',-8.1574086,115.1167968,'2022-05-24 10:09:33','2022-05-24 10:09:33',NULL,NULL),
(312,3,'Pegayaman','','',-8.2059946,115.1197818,'2022-05-24 10:09:33','2022-05-24 10:09:33',NULL,NULL),
(313,3,'Sambangan','','',-8.171575,115.0653543,'2022-05-24 10:09:33','2022-05-24 10:09:33',NULL,NULL),
(314,3,'Selat','','',-8.1937166,115.0328033,'2022-05-24 10:09:33','2022-05-24 10:09:33',NULL,NULL),
(315,3,'Silangjana','','',-8.190718,115.1246937,'2022-05-24 10:09:33','2022-05-24 10:09:33',NULL,NULL),
(316,3,'Tegal Linggah','','',-8.18121,115.0423229,'2022-05-24 10:09:33','2022-05-24 10:09:33',NULL,NULL),
(317,3,'Wanagiri','','',-8.2234101,115.1033693,'2022-05-24 10:09:33','2022-05-24 10:09:33',NULL,NULL),
(318,3,'Sukasada','','',-8.218527,115.0343164,'2022-05-24 10:09:33','2022-05-24 10:09:33',NULL,NULL),
(319,3,'Bondalem','','',-8.1233351,115.2970793,'2022-05-24 10:09:33','2022-05-24 10:09:33',NULL,NULL),
(320,3,'Julah','','',-8.1267131,115.2775468,'2022-05-24 10:09:33','2022-05-24 10:09:33',NULL,NULL),
(321,3,'Les','','',-8.1487686,115.3487213,'2022-05-24 10:09:33','2022-05-24 10:09:33',NULL,NULL),
(322,3,'Madenan','','',-8.1530081,115.2871613,'2022-05-24 10:09:33','2022-05-24 10:09:33',NULL,NULL),
(323,3,'Pacung','','',-8.1004266,115.2570768,'2022-05-24 10:09:33','2022-05-24 10:09:33',NULL,NULL),
(324,3,'Penuktukan','','',-8.1537696,115.3675053,'2022-05-24 10:09:33','2022-05-24 10:09:33',NULL,NULL),
(325,3,'Sambirenteng','','',-8.1640387,115.3882589,'2022-05-24 10:09:33','2022-05-24 10:09:33',NULL,NULL),
(326,3,'Sembiran','','',-8.133419,115.2387084,'2022-05-24 10:09:33','2022-05-24 10:09:33',NULL,NULL),
(327,3,'Tejakula','','',-8.1319065,115.3308452,'2022-05-24 10:09:33','2022-05-24 10:09:33',NULL,NULL),
(328,3,'Tembok','','',-8.1689701,115.4183408,'2022-05-24 10:09:33','2022-05-24 10:09:33',NULL,NULL),
(329,4,'Bedulu','','',-8.5291857,115.2892257,'2022-05-24 10:09:33','2022-05-24 10:09:33',NULL,NULL),
(330,4,'Belega','','',-8.5664507,115.2978738,'2022-05-24 10:09:33','2022-05-24 10:09:33',NULL,NULL),
(331,4,'Blahbatuh','','',-8.5665855,115.2829638,'2022-05-24 10:09:33','2022-05-24 10:09:33',NULL,NULL),
(332,4,'Bona','','',-8.5551587,115.3092912,'2022-05-24 10:09:33','2022-05-24 10:09:33',NULL,NULL),
(333,4,'Buruan','','',-8.5440147,115.2922203,'2022-05-24 10:09:33','2022-05-24 10:09:33',NULL,NULL),
(334,4,'Keramas','','',-8.5853452,115.3090203,'2022-05-24 10:09:33','2022-05-24 10:09:33',NULL,NULL),
(335,4,'Medahan','','',-8.5846811,115.3224158,'2022-05-24 10:09:33','2022-05-24 10:09:33',NULL,NULL),
(336,4,'Pering','','',-8.5925227,115.2974618,'2022-05-24 10:09:33','2022-05-24 10:09:33',NULL,NULL),
(337,4,'Saba','','',-8.5923176,115.2883533,'2022-05-24 10:09:33','2022-05-24 10:09:33',NULL,NULL),
(338,4,'Bakbakan','','',-8.5075517,115.3062069,'2022-05-24 10:09:33','2022-05-24 10:09:33',NULL,NULL),
(339,4,'Lebih','','',-8.5721057,115.3323577,'2022-05-24 10:09:34','2022-05-24 10:09:34',NULL,NULL),
(340,4,'Petak','','',-8.4775622,115.3113107,'2022-05-24 10:09:34','2022-05-24 10:09:34',NULL,NULL),
(341,4,'Petak Kaja','','',-8.4532006,115.3029977,'2022-05-24 10:09:34','2022-05-24 10:09:34',NULL,NULL),
(342,4,'Serongga','','',-8.5686301,115.3226744,'2022-05-24 10:09:34','2022-05-24 10:09:34',NULL,NULL),
(343,4,'Siangan','','',-8.51229,115.2664961,'2022-05-24 10:09:34','2022-05-24 10:09:34',NULL,NULL),
(344,4,'Sidan','','',-8.5300231,115.3412943,'2022-05-24 10:09:34','2022-05-24 10:09:34',NULL,NULL),
(345,4,'Sumita','','',-8.4681107,115.2918754,'2022-05-24 10:09:34','2022-05-24 10:09:34',NULL,NULL),
(346,4,'Suwat','','',-8.4848512,115.3042042,'2022-05-24 10:09:34','2022-05-24 10:09:34',NULL,NULL),
(347,4,'Tegal Tugu','','',-8.5522472,115.3319533,'2022-05-24 10:09:34','2022-05-24 10:09:34',NULL,NULL),
(348,4,'Temesi','','',-8.5567402,115.3338903,'2022-05-24 10:09:34','2022-05-24 10:09:34',NULL,NULL),
(349,4,'Tulikup','','',-8.555338,115.3273547,'2022-05-24 10:09:34','2022-05-24 10:09:34',NULL,NULL),
(350,4,'Abianbase','','',-8.5752268,115.3045224,'2022-05-24 10:09:34','2022-05-24 10:09:34',NULL,NULL),
(351,4,'Beng','','',-8.5301092,115.3188082,'2022-05-24 10:09:34','2022-05-24 10:09:34',NULL,NULL),
(352,4,'Bitera','','',-8.5353547,115.2971263,'2022-05-24 10:09:34','2022-05-24 10:09:34',NULL,NULL),
(353,4,'Gianyar','','',-8.51229,115.2664961,'2022-05-24 10:09:34','2022-05-24 10:09:34',NULL,NULL),
(354,4,'Samplangan','','',-8.5326861,115.3208779,'2022-05-24 10:09:34','2022-05-24 10:09:34',NULL,NULL),
(355,4,'Bresela','','',-8.4275572,115.2597382,'2022-05-24 10:09:34','2022-05-24 10:09:34',NULL,NULL),
(356,4,'Buahan','','',-8.395937,115.2066067,'2022-05-24 10:09:34','2022-05-24 10:09:34',NULL,NULL),
(357,4,'Buahan Kaja','','',-8.3544471,115.2098633,'2022-05-24 10:09:34','2022-05-24 10:09:34',NULL,NULL),
(358,4,'Bukian','','',-8.4163701,115.2420613,'2022-05-24 10:09:34','2022-05-24 10:09:34',NULL,NULL),
(359,4,'Kelusa','','',-8.4735535,115.2267992,'2022-05-24 10:09:34','2022-05-24 10:09:34',NULL,NULL),
(360,4,'Kerta','','',-8.3422576,115.2398954,'2022-05-24 10:09:34','2022-05-24 10:09:34',NULL,NULL),
(361,4,'Melinggih','','',-8.4269212,115.2232443,'2022-05-24 10:09:34','2022-05-24 10:09:34',NULL,NULL),
(362,4,'Melinggih Kelod','','',-8.4501507,115.2234918,'2022-05-24 10:09:34','2022-05-24 10:09:34',NULL,NULL),
(363,4,'Puhu','','',-8.387058,115.2228247,'2022-05-24 10:09:34','2022-05-24 10:09:34',NULL,NULL),
(364,4,'Batuan','','',-8.5854122,115.2669662,'2022-05-24 10:09:34','2022-05-24 10:09:34',NULL,NULL),
(365,4,'Batuan Kaler','','',-8.5717686,115.2677863,'2022-05-24 10:09:34','2022-05-24 10:09:34',NULL,NULL),
(366,4,'Batubulan','','',-8.6978931,115.2019937,'2022-05-24 10:09:34','2022-05-24 10:09:34',NULL,NULL),
(367,4,'Batubulan Kangin','','',-8.6201156,115.2541682,'2022-05-24 10:09:34','2022-05-24 10:09:34',NULL,NULL),
(368,4,'Celuk','','',-8.5991416,115.2660317,'2022-05-24 10:09:34','2022-05-24 10:09:34',NULL,NULL),
(369,4,'Guwang','','',-8.615158,115.2528037,'2022-05-24 10:09:34','2022-05-24 10:09:34',NULL,NULL),
(370,4,'Kemenuh','','',-8.5518321,115.2495423,'2022-05-24 10:09:34','2022-05-24 10:09:34',NULL,NULL),
(371,4,'Ketewel','','',-8.6300292,115.2685748,'2022-05-24 10:09:34','2022-05-24 10:09:34',NULL,NULL),
(372,4,'Singapadu','','',-8.5954682,115.2486653,'2022-05-24 10:09:34','2022-05-24 10:09:34',NULL,NULL),
(373,4,'Singapadu Kaler','','',-8.5537302,115.2279333,'2022-05-24 10:09:34','2022-05-24 10:09:34',NULL,NULL),
(374,4,'Singapadu Tengah','','',-8.5775276,115.2485388,'2022-05-24 10:09:34','2022-05-24 10:09:34',NULL,NULL),
(375,4,'Sukawati','','',-8.5831849,115.2055049,'2022-05-24 10:09:34','2022-05-24 10:09:34',NULL,NULL),
(376,4,'Manukaya','','',-8.3989636,115.2869717,'2022-05-24 10:09:34','2022-05-24 10:09:34',NULL,NULL),
(377,4,'Pejeng','','',-8.5098242,115.2847817,'2022-05-24 10:09:34','2022-05-24 10:09:34',NULL,NULL),
(378,4,'Pejeng Kaja','','',-8.4834622,115.2728083,'2022-05-24 10:09:34','2022-05-24 10:09:34',NULL,NULL),
(379,4,'Pejeng Kangin','','',-8.483685,115.2679583,'2022-05-24 10:09:34','2022-05-24 10:09:34',NULL,NULL),
(380,4,'Pejeng Kawan','','',-8.5057322,115.2654339,'2022-05-24 10:09:35','2022-05-24 10:09:35',NULL,NULL),
(381,4,'Pejeng Kelod','','',-8.5110317,115.2948057,'2022-05-24 10:09:35','2022-05-24 10:09:35',NULL,NULL),
(382,4,'Sanding','','',-8.4597022,115.2903742,'2022-05-24 10:09:35','2022-05-24 10:09:35',NULL,NULL),
(383,4,'Tampaksiring','','',-8.4437326,115.2366034,'2022-05-24 10:09:35','2022-05-24 10:09:35',NULL,NULL),
(384,4,'Kedisan','','',-8.4288097,115.2739099,'2022-05-24 10:09:35','2022-05-24 10:09:35',NULL,NULL),
(385,4,'Keliki','','',-8.4506572,115.2428494,'2022-05-24 10:09:35','2022-05-24 10:09:35',NULL,NULL),
(386,4,'Kendran','','',-8.4540555,115.2548513,'2022-05-24 10:09:35','2022-05-24 10:09:35',NULL,NULL),
(387,4,'Pupuan','','',-8.367943,114.943955,'2022-05-24 10:09:35','2022-05-24 10:09:35',NULL,NULL),
(388,4,'Sebatu','','',-8.378663,115.2655133,'2022-05-24 10:09:35','2022-05-24 10:09:35',NULL,NULL),
(389,4,'Taro','','',-8.375519,115.2558832,'2022-05-24 10:09:35','2022-05-24 10:09:35',NULL,NULL),
(390,4,'Tegallalang','','',-8.4441215,115.2707482,'2022-05-24 10:09:35','2022-05-24 10:09:35',NULL,NULL),
(391,4,'Kedewatan','','',-8.4768436,115.2308013,'2022-05-24 10:09:35','2022-05-24 10:09:35',NULL,NULL),
(392,4,'Lodtunduh','','',-8.5550781,115.2431658,'2022-05-24 10:09:35','2022-05-24 10:09:35',NULL,NULL),
(393,4,'Mas','','',-8.5409382,115.2503439,'2022-05-24 10:09:35','2022-05-24 10:09:35',NULL,NULL),
(394,4,'Peliatan','','',-8.5177342,115.2552398,'2022-05-24 10:09:35','2022-05-24 10:09:35',NULL,NULL),
(395,4,'Petulu','','',-8.4914896,115.2570533,'2022-05-24 10:09:35','2022-05-24 10:09:35',NULL,NULL),
(396,4,'Sayan','','',-8.5134961,115.2260438,'2022-05-24 10:09:35','2022-05-24 10:09:35',NULL,NULL),
(397,4,'Singakerta','','',-8.5309807,115.2251933,'2022-05-24 10:09:35','2022-05-24 10:09:35',NULL,NULL),
(398,4,'Ubud','','',-8.4960247,115.2310197,'2022-05-24 10:09:35','2022-05-24 10:09:35',NULL,NULL),
(399,6,'Ababi','','',-8.4094396,115.5732208,'2022-05-24 10:09:35','2022-05-24 10:09:35',NULL,NULL),
(400,6,'Abang','','',-8.3631765,115.544882,'2022-05-24 10:09:35','2022-05-24 10:09:35',NULL,NULL),
(401,6,'Bunutan','','',-8.367268,115.6345863,'2022-05-24 10:09:35','2022-05-24 10:09:35',NULL,NULL),
(402,6,'Culik','','',-8.3422837,115.6046557,'2022-05-24 10:09:35','2022-05-24 10:09:35',NULL,NULL),
(403,6,'Datah','','',-8.332424,115.5361097,'2022-05-24 10:09:35','2022-05-24 10:09:35',NULL,NULL),
(404,6,'Kerta Mandala','','',-8.3630447,115.6021659,'2022-05-24 10:09:35','2022-05-24 10:09:35',NULL,NULL),
(405,6,'Kesimpar','','',-8.3740602,115.5861752,'2022-05-24 10:09:35','2022-05-24 10:09:35',NULL,NULL),
(406,6,'Labasari','','',-8.3253622,115.6110767,'2022-05-24 10:09:35','2022-05-24 10:09:35',NULL,NULL),
(407,6,'Nawa Kerthi','','',-8.3735061,115.5518343,'2022-05-24 10:09:35','2022-05-24 10:09:35',NULL,NULL),
(408,6,'Pidpid','','',-8.3885476,115.5710383,'2022-05-24 10:09:35','2022-05-24 10:09:35',NULL,NULL),
(409,6,'Purwakerti','','',-8.3424477,115.6202473,'2022-05-24 10:09:35','2022-05-24 10:09:35',NULL,NULL),
(410,6,'Tista','','',-8.3762657,115.5969884,'2022-05-24 10:09:35','2022-05-24 10:09:35',NULL,NULL),
(411,6,'Tiyingtali','','',-8.4077728,115.6055304,'2022-05-24 10:09:35','2022-05-24 10:09:35',NULL,NULL),
(412,6,'Tri Bhuana','','',-8.3940507,115.6098779,'2022-05-24 10:09:35','2022-05-24 10:09:35',NULL,NULL),
(413,6,'Bebandem','','',-8.4388985,115.5545462,'2022-05-24 10:09:35','2022-05-24 10:09:35',NULL,NULL),
(414,6,'Buana Giri','','',-8.4259221,115.5698062,'2022-05-24 10:09:35','2022-05-24 10:09:35',NULL,NULL),
(415,6,'Budakeling','','',-8.3846265,115.5086248,'2022-05-24 10:09:35','2022-05-24 10:09:35',NULL,NULL),
(416,6,'Bungaya','','',-8.4576567,115.5715247,'2022-05-24 10:09:35','2022-05-24 10:09:35',NULL,NULL),
(417,6,'Bungaya Kangin','','',-8.4485957,115.5736688,'2022-05-24 10:09:35','2022-05-24 10:09:35',NULL,NULL),
(418,6,'Jungutan','','',-8.393077,115.4905078,'2022-05-24 10:09:35','2022-05-24 10:09:35',NULL,NULL),
(419,6,'Macang','','',-8.4473841,115.5402628,'2022-05-24 10:09:35','2022-05-24 10:09:35',NULL,NULL),
(420,6,'Sibetan','','',-8.4473387,115.5089283,'2022-05-24 10:09:35','2022-05-24 10:09:35',NULL,NULL),
(421,6,'Bugbug','','',-8.4888019,115.5920076,'2022-05-24 10:09:35','2022-05-24 10:09:35',NULL,NULL),
(422,6,'Bukit','','',-8.4133217,115.6191148,'2022-05-24 10:09:35','2022-05-24 10:09:35',NULL,NULL),
(423,6,'Pertima','','',-8.4758707,115.5827454,'2022-05-24 10:09:36','2022-05-24 10:09:36',NULL,NULL),
(424,6,'Seraya Barat','','',-8.4303585,115.6093332,'2022-05-24 10:09:36','2022-05-24 10:09:36',NULL,NULL),
(425,6,'Seraya Tengah','','',-8.4245755,115.6316867,'2022-05-24 10:09:36','2022-05-24 10:09:36',NULL,NULL),
(426,6,'Seraya Timur','','',-8.4113456,115.6749403,'2022-05-24 10:09:36','2022-05-24 10:09:36',NULL,NULL),
(427,6,'Tegallinggah','','',-8.4322977,115.6052279,'2022-05-24 10:09:36','2022-05-24 10:09:36',NULL,NULL),
(428,6,'Tumbu','','',-8.4522297,115.6088289,'2022-05-24 10:09:36','2022-05-24 10:09:36',NULL,NULL),
(429,6,'Subagan','','',-8.4635278,115.5906828,'2022-05-24 10:09:36','2022-05-24 10:09:36',NULL,NULL),
(430,6,'Padang Kerta','','',-8.4326412,115.5721989,'2022-05-24 10:09:36','2022-05-24 10:09:36',NULL,NULL),
(431,6,'Karangasem','','',-8.4500576,115.5718358,'2022-05-24 10:09:36','2022-05-24 10:09:36',NULL,NULL),
(432,6,'Ban','','',-8.2858475,115.4053034,'2022-05-24 10:09:36','2022-05-24 10:09:36',NULL,NULL),
(433,6,'Baturinggit','','',-8.2662909,115.479116,'2022-05-24 10:09:36','2022-05-24 10:09:36',NULL,NULL),
(434,6,'Dukuh','','',-8.305613,115.5051312,'2022-05-24 10:09:36','2022-05-24 10:09:36',NULL,NULL),
(435,6,'Kubu','','',-8.2594185,115.5572472,'2022-05-24 10:09:36','2022-05-24 10:09:36',NULL,NULL),
(436,6,'Sukadana','','',-8.2534525,115.4951038,'2022-05-24 10:09:36','2022-05-24 10:09:36',NULL,NULL),
(437,6,'Tianyar','','',-8.2159635,115.4537353,'2022-05-24 10:09:36','2022-05-24 10:09:36',NULL,NULL),
(438,6,'Tianyar Barat','','',-8.1959145,115.4268858,'2022-05-24 10:09:36','2022-05-24 10:09:36',NULL,NULL),
(439,6,'Tianyar Tengah','','',-8.2159515,115.4326733,'2022-05-24 10:09:36','2022-05-24 10:09:36',NULL,NULL),
(440,6,'Tulamben','','',-8.2934315,115.5538272,'2022-05-24 10:09:36','2022-05-24 10:09:36',NULL,NULL),
(441,6,'Antiga','','',-8.5124855,115.4611093,'2022-05-24 10:09:36','2022-05-24 10:09:36',NULL,NULL),
(442,6,'Antiga Kelod','','',-8.5356101,115.4713454,'2022-05-24 10:09:36','2022-05-24 10:09:36',NULL,NULL),
(443,6,'Gegelang','','',-8.497882,115.4415407,'2022-05-24 10:09:36','2022-05-24 10:09:36',NULL,NULL),
(444,6,'Manggis','','',-8.4921575,115.5164452,'2022-05-24 10:09:36','2022-05-24 10:09:36',NULL,NULL),
(445,6,'Ngis','','',-8.4740082,115.5308318,'2022-05-24 10:09:36','2022-05-24 10:09:36',NULL,NULL),
(446,6,'Nyuhtebel','','',-8.4952427,115.5409228,'2022-05-24 10:09:36','2022-05-24 10:09:36',NULL,NULL),
(447,6,'Padangbai','','',-8.5314842,115.4993622,'2022-05-24 10:09:36','2022-05-24 10:09:36',NULL,NULL),
(448,6,'Pesedahan','','',-8.4848137,115.5585237,'2022-05-24 10:09:36','2022-05-24 10:09:36',NULL,NULL),
(449,6,'Selumbung','','',-8.4715376,115.5153138,'2022-05-24 10:09:36','2022-05-24 10:09:36',NULL,NULL),
(450,6,'Sengkidu','','',-8.4958025,115.5413602,'2022-05-24 10:09:36','2022-05-24 10:09:36',NULL,NULL),
(451,6,'Tenganan','','',-8.476229,115.5339738,'2022-05-24 10:09:36','2022-05-24 10:09:36',NULL,NULL),
(452,6,'Ulakan','','',-8.4997791,115.5049478,'2022-05-24 10:09:36','2022-05-24 10:09:36',NULL,NULL),
(453,6,'Besakih','','',-8.3575035,115.4232858,'2022-05-24 10:09:36','2022-05-24 10:09:36',NULL,NULL),
(454,6,'Menanga','','',-8.4020642,115.4188599,'2022-05-24 10:09:36','2022-05-24 10:09:36',NULL,NULL),
(455,6,'Nongan','','',-8.4475317,115.4005947,'2022-05-24 10:09:36','2022-05-24 10:09:36',NULL,NULL),
(456,6,'Pempatan','','',-8.341915,115.3637794,'2022-05-24 10:09:36','2022-05-24 10:09:36',NULL,NULL),
(457,6,'Pesaban','','',-8.4732111,115.3948463,'2022-05-24 10:09:36','2022-05-24 10:09:36',NULL,NULL),
(458,6,'Rendang','','',-8.3814374,115.3717875,'2022-05-24 10:09:36','2022-05-24 10:09:36',NULL,NULL),
(459,6,'Amertha Buana','','',-8.4234857,115.4591273,'2022-05-24 10:09:36','2022-05-24 10:09:36',NULL,NULL),
(460,6,'Duda','','',-8.4501769,115.4544463,'2022-05-24 10:09:36','2022-05-24 10:09:36',NULL,NULL),
(461,6,'Duda Timur','','',-8.4573166,115.4829393,'2022-05-24 10:09:36','2022-05-24 10:09:36',NULL,NULL),
(462,6,'Duda Utara','','',-8.4216127,115.4794933,'2022-05-24 10:09:36','2022-05-24 10:09:36',NULL,NULL),
(463,6,'Muncan','','',-8.4270546,115.4313994,'2022-05-24 10:09:36','2022-05-24 10:09:36',NULL,NULL),
(464,6,'Santi','','',-8.4283608,115.4866697,'2022-05-24 10:09:36','2022-05-24 10:09:36',NULL,NULL),
(465,6,'Pering Sari','','',-8.4402145,115.4274307,'2022-05-24 10:09:36','2022-05-24 10:09:36',NULL,NULL),
(466,6,'Sebudi','','',-8.3807245,115.4432338,'2022-05-24 10:09:36','2022-05-24 10:09:36',NULL,NULL),
(467,6,'Selat','','',-8.4102069,115.408381,'2022-05-24 10:09:36','2022-05-24 10:09:36',NULL,NULL),
(468,6,'Kertha Buana','','',-8.5178992,115.4064322,'2022-05-24 10:09:36','2022-05-24 10:09:36',NULL,NULL),
(469,6,'Lokasari','','',-8.5098937,115.4208437,'2022-05-24 10:09:36','2022-05-24 10:09:36',NULL,NULL),
(470,6,'Sangkan Gunung','','',-8.4646852,115.4160184,'2022-05-24 10:09:36','2022-05-24 10:09:36',NULL,NULL),
(471,6,'Sidemen','','',-8.4873755,115.4040313,'2022-05-24 10:09:36','2022-05-24 10:09:36',NULL,NULL),
(472,6,'Sindu Wati','','',-8.4548637,115.4504307,'2022-05-24 10:09:37','2022-05-24 10:09:37',NULL,NULL),
(473,6,'Talibeng','','',-8.5015222,115.4283206,'2022-05-24 10:09:37','2022-05-24 10:09:37',NULL,NULL),
(474,6,'Tangkup','','',-8.4921922,115.3988108,'2022-05-24 10:09:37','2022-05-24 10:09:37',NULL,NULL),
(475,6,'Telaga Tawang','','',-8.4809451,115.4335663,'2022-05-24 10:09:37','2022-05-24 10:09:37',NULL,NULL),
(476,6,'Tri Eka Buana','','',-8.4969897,115.4468311,'2022-05-24 10:09:37','2022-05-24 10:09:37',NULL,NULL),
(477,6,'Wisma Kerta','','',-8.4870187,115.4218527,'2022-05-24 10:09:37','2022-05-24 10:09:37',NULL,NULL),
(478,7,'Aan','','',-8.5041307,115.3642268,'2022-05-24 10:09:37','2022-05-24 10:09:37',NULL,NULL),
(479,7,'Bakas','','',-8.5253132,115.3564947,'2022-05-24 10:09:37','2022-05-24 10:09:37',NULL,NULL),
(480,7,'Banjarangkan','','',-8.5151945,115.3082693,'2022-05-24 10:09:37','2022-05-24 10:09:37',NULL,NULL),
(481,7,'Bungbungan','','',-8.4777927,115.3653792,'2022-05-24 10:09:37','2022-05-24 10:09:37',NULL,NULL),
(482,7,'Getakan','','',-8.5260155,115.3410858,'2022-05-24 10:09:37','2022-05-24 10:09:37',NULL,NULL),
(483,7,'Negari','','',-8.5639302,115.3668652,'2022-05-24 10:09:37','2022-05-24 10:09:37',NULL,NULL),
(484,7,'Nyalian','','',-8.5035461,115.3460914,'2022-05-24 10:09:37','2022-05-24 10:09:37',NULL,NULL),
(485,7,'Nyanglan','','',-8.4683067,115.3761948,'2022-05-24 10:09:37','2022-05-24 10:09:37',NULL,NULL),
(486,7,'Takmung','','',-8.5583071,115.3692183,'2022-05-24 10:09:37','2022-05-24 10:09:37',NULL,NULL),
(487,7,'Tihingan','','',-8.5274717,115.3663018,'2022-05-24 10:09:37','2022-05-24 10:09:37',NULL,NULL),
(488,7,'Timuhun','','',-8.4847466,115.3726083,'2022-05-24 10:09:37','2022-05-24 10:09:37',NULL,NULL),
(489,7,'Tohpati','','',-8.4663064,115.3749976,'2022-05-24 10:09:37','2022-05-24 10:09:37',NULL,NULL),
(490,7,'Tusan','','',-8.5417962,115.3628063,'2022-05-24 10:09:37','2022-05-24 10:09:37',NULL,NULL),
(491,7,'Besan','','',-8.5140611,115.4452718,'2022-05-24 10:09:37','2022-05-24 10:09:37',NULL,NULL),
(492,7,'Dawan Kaler','','',-8.5254396,115.4364132,'2022-05-24 10:09:37','2022-05-24 10:09:37',NULL,NULL),
(493,7,'Dawan Klod','','',-8.5406757,115.4355592,'2022-05-24 10:09:37','2022-05-24 10:09:37',NULL,NULL),
(494,7,'Gunaksa','','',-8.5484921,115.3995088,'2022-05-24 10:09:37','2022-05-24 10:09:37',NULL,NULL),
(495,7,'Kampung Kusamba','','',-8.5635662,115.4494068,'2022-05-24 10:09:37','2022-05-24 10:09:37',NULL,NULL),
(496,7,'Lembongan','','',-8.6764221,115.444629,'2022-05-24 10:09:37','2022-05-24 10:09:37',NULL,NULL),
(497,8,'Angseri','','',-8.3279446,115.1241818,'2022-05-24 10:09:37','2022-05-24 10:09:37',NULL,NULL),
(498,8,'Antapan','','',-8.3212795,115.1609522,'2022-05-24 10:09:37','2022-05-24 10:09:37',NULL,NULL),
(499,8,'Apuan','','',-8.3718866,115.1571243,'2022-05-24 10:09:37','2022-05-24 10:09:37',NULL,NULL),
(500,8,'Bangli','','',-8.3438455,115.1207263,'2022-05-24 10:09:37','2022-05-24 10:09:37',NULL,NULL),
(501,8,'Batunya','','',-8.3029345,115.1421122,'2022-05-24 10:09:37','2022-05-24 10:09:37',NULL,NULL),
(502,8,'Baturiti','','',-8.3461053,115.0316587,'2022-05-24 10:09:37','2022-05-24 10:09:37',NULL,NULL),
(503,8,'Candikuning','','',-8.27511,115.1211807,'2022-05-24 10:09:37','2022-05-24 10:09:37',NULL,NULL),
(504,8,'Luwus','','',-8.3987751,115.1811148,'2022-05-24 10:09:37','2022-05-24 10:09:37',NULL,NULL),
(505,8,'Mekarsari','','',-8.3762051,115.1792114,'2022-05-24 10:09:37','2022-05-24 10:09:37',NULL,NULL),
(506,8,'Perean','','',-8.4252667,115.1717168,'2022-05-24 10:09:37','2022-05-24 10:09:37',NULL,NULL),
(507,8,'Perean Kangin','','',-8.4299917,115.1923388,'2022-05-24 10:09:37','2022-05-24 10:09:37',NULL,NULL),
(508,8,'Perean Tengah','','',-8.4313482,115.1791249,'2022-05-24 10:09:37','2022-05-24 10:09:37',NULL,NULL),
(509,8,'Abian Tuwung','','',-8.5528876,115.1191093,'2022-05-24 10:09:37','2022-05-24 10:09:37',NULL,NULL),
(510,8,'Banjar Anyar','','',-8.5364037,115.1238963,'2022-05-24 10:09:37','2022-05-24 10:09:37',NULL,NULL),
(511,8,'Belalang','','',-8.5996182,115.0795493,'2022-05-24 10:09:37','2022-05-24 10:09:37',NULL,NULL),
(512,8,'Bengkel','','',-8.5863143,115.0793712,'2022-05-24 10:09:37','2022-05-24 10:09:37',NULL,NULL),
(513,8,'Beraban','','',-8.6145847,115.0819289,'2022-05-24 10:09:37','2022-05-24 10:09:37',NULL,NULL),
(514,8,'Buwit','','',-8.6040182,115.1054334,'2022-05-24 10:09:37','2022-05-24 10:09:37',NULL,NULL),
(515,8,'Cepaka','','',-8.6036932,115.1365166,'2022-05-24 10:09:37','2022-05-24 10:09:37',NULL,NULL),
(516,8,'Kaba-kaba','','',-8.5953927,115.1217359,'2022-05-24 10:09:37','2022-05-24 10:09:37',NULL,NULL),
(517,8,'Kediri','','',-8.5753674,115.0479985,'2022-05-24 10:09:37','2022-05-24 10:09:37',NULL,NULL),
(518,8,'Nyambu','','',-8.5786487,115.1229674,'2022-05-24 10:09:37','2022-05-24 10:09:37',NULL,NULL),
(519,8,'Nyitdah','','',-8.5799281,115.1070723,'2022-05-24 10:09:37','2022-05-24 10:09:37',NULL,NULL),
(520,8,'Pandak Bandung','','',-8.5765226,115.1255492,'2022-05-24 10:09:37','2022-05-24 10:09:37',NULL,NULL),
(521,8,'Pandak Gede','','',-8.5954652,115.1013138,'2022-05-24 10:09:37','2022-05-24 10:09:37',NULL,NULL),
(522,8,'Pangkung Tibah','','',-8.5967831,115.0486447,'2022-05-24 10:09:38','2022-05-24 10:09:38',NULL,NULL),
(523,8,'Pejaten','','',-8.5749532,115.1016047,'2022-05-24 10:09:38','2022-05-24 10:09:38',NULL,NULL),
(524,8,'Batuaji','','',-8.5069846,115.0890869,'2022-05-24 10:09:38','2022-05-24 10:09:38',NULL,NULL),
(525,8,'Baturiti','','',-8.3461053,115.0316587,'2022-05-24 10:09:38','2022-05-24 10:09:38',NULL,NULL),
(526,8,'Belumbang','','',-8.5489457,115.0453658,'2022-05-24 10:09:38','2022-05-24 10:09:38',NULL,NULL),
(527,8,'Kelating','','',-8.5717476,115.0525872,'2022-05-24 10:09:38','2022-05-24 10:09:38',NULL,NULL),
(528,8,'Kerambitan','','',-8.5266335,115.0067223,'2022-05-24 10:09:38','2022-05-24 10:09:38',NULL,NULL),
(529,8,'Kesiut','','',-8.4862022,115.1022657,'2022-05-24 10:09:38','2022-05-24 10:09:38',NULL,NULL),
(530,8,'Kukuh','','',-8.5154381,115.1395589,'2022-05-24 10:09:38','2022-05-24 10:09:38',NULL,NULL),
(531,8,'Meliling','','',-8.5141952,115.0615883,'2022-05-24 10:09:38','2022-05-24 10:09:38',NULL,NULL),
(532,8,'Pangkung Karung','','',-8.5464397,115.0856627,'2022-05-24 10:09:38','2022-05-24 10:09:38',NULL,NULL),
(533,8,'Penarukan','','',-8.5610409,115.0663236,'2022-05-24 10:09:38','2022-05-24 10:09:38',NULL,NULL),
(534,8,'Samsam','','',-8.5277171,115.0914568,'2022-05-24 10:09:38','2022-05-24 10:09:38',NULL,NULL),
(535,8,'Sembung Gede','','',-8.5102392,115.0774298,'2022-05-24 10:09:38','2022-05-24 10:09:38',NULL,NULL),
(536,8,'Tibubiu','','',-8.5638587,115.0380032,'2022-05-24 10:09:38','2022-05-24 10:09:38',NULL,NULL),
(537,8,'Timpag','','',-8.4894577,115.0762013,'2022-05-24 10:09:38','2022-05-24 10:09:38',NULL,NULL),
(538,8,'Tista','','',-8.5426088,115.0710211,'2022-05-24 10:09:38','2022-05-24 10:09:38',NULL,NULL),
(539,8,'Baru','','',-8.3889748,115.1744873,'2022-05-24 10:09:38','2022-05-24 10:09:38',NULL,NULL),
(540,8,'Batannyuh','','',-8.5069082,115.1637932,'2022-05-24 10:09:38','2022-05-24 10:09:38',NULL,NULL),
(541,8,'Beringkit','','',-8.5279192,115.1531242,'2022-05-24 10:09:38','2022-05-24 10:09:38',NULL,NULL),
(542,8,'Cau Belayu','','',-8.4668201,115.1859239,'2022-05-24 10:09:38','2022-05-24 10:09:38',NULL,NULL),
(543,8,'Geluntung','','',-8.4541121,115.1580488,'2022-05-24 10:09:38','2022-05-24 10:09:38',NULL,NULL),
(544,8,'Kukuh','','',-8.5154381,115.1395589,'2022-05-24 10:09:38','2022-05-24 10:09:38',NULL,NULL),
(545,8,'Kuwum','','',-8.4943362,115.1567036,'2022-05-24 10:09:38','2022-05-24 10:09:38',NULL,NULL),
(546,8,'Marga','','',-8.4507255,115.1081935,'2022-05-24 10:09:38','2022-05-24 10:09:38',NULL,NULL),
(547,8,'Marga Dajan Puri','','',-8.4620243,115.1670166,'2022-05-24 10:09:38','2022-05-24 10:09:38',NULL,NULL),
(548,8,'Marga Dauh Puri','','',-8.4738942,115.1422353,'2022-05-24 10:09:38','2022-05-24 10:09:38',NULL,NULL),
(549,8,'Payangan','','',-8.4256806,115.1301082,'2022-05-24 10:09:38','2022-05-24 10:09:38',NULL,NULL),
(550,8,'Peken','','',-8.5229552,115.1597947,'2022-05-24 10:09:38','2022-05-24 10:09:38',NULL,NULL),
(551,8,'Petiga','','',-8.4363101,115.1631108,'2022-05-24 10:09:38','2022-05-24 10:09:38',NULL,NULL),
(552,8,'Selanbawak','','',-8.4819376,115.1588019,'2022-05-24 10:09:38','2022-05-24 10:09:38',NULL,NULL),
(553,8,'Tegaljadi','','',-8.5002387,115.1348684,'2022-05-24 10:09:38','2022-05-24 10:09:38',NULL,NULL),
(554,8,'Tua','','',-8.3952406,115.1459513,'2022-05-24 10:09:38','2022-05-24 10:09:38',NULL,NULL),
(555,8,'Babahan','','',-8.3909172,115.1315668,'2022-05-24 10:09:38','2022-05-24 10:09:38',NULL,NULL),
(556,8,'Biaung','','',-8.4134582,115.1442148,'2022-05-24 10:09:38','2022-05-24 10:09:38',NULL,NULL),
(557,8,'Buruan','','',-8.4733982,115.1228927,'2022-05-24 10:09:38','2022-05-24 10:09:38',NULL,NULL),
(558,8,'Jatiluwih','','',-8.3564861,115.0837802,'2022-05-24 10:09:38','2022-05-24 10:09:38',NULL,NULL),
(559,8,'Jegu','','',-8.4601562,115.1052058,'2022-05-24 10:09:38','2022-05-24 10:09:38',NULL,NULL),
(560,8,'Mengesta','','',-8.3996456,115.1120933,'2022-05-24 10:09:38','2022-05-24 10:09:38',NULL,NULL),
(561,8,'Penatahan','','',-8.4360637,115.1018793,'2022-05-24 10:09:38','2022-05-24 10:09:38',NULL,NULL),
(562,8,'Penebel','','',-8.4281375,115.1360432,'2022-05-24 10:09:38','2022-05-24 10:09:38',NULL,NULL),
(563,8,'Pesagi','','',-8.4613062,115.0827543,'2022-05-24 10:09:38','2022-05-24 10:09:38',NULL,NULL),
(564,8,'Pitra','','',-8.4315087,115.1243918,'2022-05-24 10:09:38','2022-05-24 10:09:38',NULL,NULL),
(565,8,'Rejasa','','',-8.4597237,115.0938548,'2022-05-24 10:09:38','2022-05-24 10:09:38',NULL,NULL),
(566,8,'Rianggede','','',-8.4905714,114.991208,'2022-05-24 10:09:38','2022-05-24 10:09:38',NULL,NULL),
(567,8,'Sangketan','','',-8.403991,115.0586928,'2022-05-24 10:09:38','2022-05-24 10:09:38',NULL,NULL),
(568,8,'Senganan','','',-8.3467345,115.0993648,'2022-05-24 10:09:38','2022-05-24 10:09:38',NULL,NULL),
(569,8,'Tajen','','',-8.4540172,115.1262964,'2022-05-24 10:09:38','2022-05-24 10:09:38',NULL,NULL),
(570,8,'Tegallinggah','','',-8.4409142,115.1027141,'2022-05-24 10:09:38','2022-05-24 10:09:38',NULL,NULL),
(571,8,'Tengkudak','','',-8.4154166,115.0998873,'2022-05-24 10:09:38','2022-05-24 10:09:38',NULL,NULL),
(572,8,'Wongaya Gede','','',-8.377343,115.0653198,'2022-05-24 10:09:38','2022-05-24 10:09:38',NULL,NULL),
(573,8,'Bantiran','','',-8.3063346,114.9648399,'2022-05-24 10:09:38','2022-05-24 10:09:38',NULL,NULL),
(574,8,'Batungsel','','',-8.3512402,115.0325978,'2022-05-24 10:09:38','2022-05-24 10:09:38',NULL,NULL),
(575,8,'Belatungan','','',-8.4023785,114.9047098,'2022-05-24 10:09:38','2022-05-24 10:09:38',NULL,NULL),
(576,8,'Belimbing','','',-8.4084845,114.9898278,'2022-05-24 10:09:39','2022-05-24 10:09:39',NULL,NULL),
(577,8,'Jelijih Punggung','','',-8.4065325,114.9679818,'2022-05-24 10:09:39','2022-05-24 10:09:39',NULL,NULL),
(578,8,'Karya Sari','','',-8.378004,115.0218638,'2022-05-24 10:09:39','2022-05-24 10:09:39',NULL,NULL),
(579,8,'Kebon Padangan','','',-8.384371,114.9529098,'2022-05-24 10:09:39','2022-05-24 10:09:39',NULL,NULL),
(580,8,'Munduk Temu','','',-8.355545,114.9224904,'2022-05-24 10:09:39','2022-05-24 10:09:39',NULL,NULL),
(581,8,'Padangan','','',-8.3599987,114.9939444,'2022-05-24 10:09:39','2022-05-24 10:09:39',NULL,NULL),
(582,8,'Pajahan','','',-8.3443221,114.9718514,'2022-05-24 10:09:39','2022-05-24 10:09:39',NULL,NULL),
(583,8,'Pujungan','','',-8.323266,115.0208829,'2022-05-24 10:09:39','2022-05-24 10:09:39',NULL,NULL),
(584,8,'Pupuan','','',-8.367943,114.943955,'2022-05-24 10:09:39','2022-05-24 10:09:39',NULL,NULL),
(585,8,'Sai','','',-8.3293159,114.8662752,'2022-05-24 10:09:39','2022-05-24 10:09:39',NULL,NULL),
(586,8,'Sanda','','',-8.3764743,114.9775845,'2022-05-24 10:09:39','2022-05-24 10:09:39',NULL,NULL),
(587,8,'Antap','','',-8.3212795,115.1609522,'2022-05-24 10:09:39','2022-05-24 10:09:39',NULL,NULL),
(588,8,'Bajera','','',-8.5044076,115.0151252,'2022-05-24 10:09:39','2022-05-24 10:09:39',NULL,NULL),
(589,8,'Bajera Utara','','',-8.4789447,115.0131538,'2022-05-24 10:09:39','2022-05-24 10:09:39',NULL,NULL),
(590,8,'Berembeng','','',-8.5175757,115.0051709,'2022-05-24 10:09:39','2022-05-24 10:09:39',NULL,NULL),
(591,8,'Manikyang','','',-8.4497592,115.0228184,'2022-05-24 10:09:39','2022-05-24 10:09:39',NULL,NULL),
(592,8,'Pupuan Sawah','','',-8.4524382,115.0341323,'2022-05-24 10:09:39','2022-05-24 10:09:39',NULL,NULL),
(593,8,'Selemadeg','','',-8.4915665,115.0369452,'2022-05-24 10:09:39','2022-05-24 10:09:39',NULL,NULL),
(594,8,'Serampingan','','',-8.5139036,115.0211073,'2022-05-24 10:09:39','2022-05-24 10:09:39',NULL,NULL),
(595,8,'Wanagiri','','',-8.393334,115.0267777,'2022-05-24 10:09:39','2022-05-24 10:09:39',NULL,NULL),
(596,8,'Wanagiri Kauh','','',-8.4076775,115.0169733,'2022-05-24 10:09:39','2022-05-24 10:09:39',NULL,NULL),
(597,8,'Angkah','','',-8.4462137,114.9946433,'2022-05-24 10:09:39','2022-05-24 10:09:39',NULL,NULL),
(598,8,'Antosari','','',-8.4971462,114.9966018,'2022-05-24 10:09:39','2022-05-24 10:09:39',NULL,NULL),
(599,8,'Bengkel Sari','','',-8.5025877,114.9791894,'2022-05-24 10:09:39','2022-05-24 10:09:39',NULL,NULL),
(600,8,'Lalang Linggah','','',-8.495685,114.8342743,'2022-05-24 10:09:39','2022-05-24 10:09:39',NULL,NULL),
(601,8,'Lumbung','','',-8.4866047,114.9805409,'2022-05-24 10:09:39','2022-05-24 10:09:39',NULL,NULL),
(602,8,'Lumbung Kauh','','',-8.4647951,114.9653678,'2022-05-24 10:09:39','2022-05-24 10:09:39',NULL,NULL),
(603,8,'Mundeh','','',-8.4312349,114.9324558,'2022-05-24 10:09:39','2022-05-24 10:09:39',NULL,NULL),
(604,8,'Mundeh Kangin','','',-8.422958,114.9575723,'2022-05-24 10:09:39','2022-05-24 10:09:39',NULL,NULL),
(605,8,'Mundeh Kauh','','',-8.4284567,114.9349258,'2022-05-24 10:09:39','2022-05-24 10:09:39',NULL,NULL),
(606,8,'Selabih','','',-8.448653,114.8994363,'2022-05-24 10:09:39','2022-05-24 10:09:39',NULL,NULL),
(607,8,'Tiying Gading','','',-8.4585736,115.0070998,'2022-05-24 10:09:39','2022-05-24 10:09:39',NULL,NULL),
(608,8,'Bantas','','',-8.4878931,115.0250623,'2022-05-24 10:09:39','2022-05-24 10:09:39',NULL,NULL),
(609,8,'Beraban','','',-8.6145847,115.0819289,'2022-05-24 10:09:39','2022-05-24 10:09:39',NULL,NULL),
(610,8,'Dalang','','',-8.4373891,115.005852,'2022-05-24 10:09:39','2022-05-24 10:09:39',NULL,NULL),
(611,8,'Gadungan','','',-8.4675607,115.0707538,'2022-05-24 10:09:39','2022-05-24 10:09:39',NULL,NULL),
(612,8,'Gadung Sari','','',-8.4424532,115.0894397,'2022-05-24 10:09:39','2022-05-24 10:09:39',NULL,NULL),
(613,8,'Gunung Salak','','',-8.455811,115.0307288,'2022-05-24 10:09:39','2022-05-24 10:09:39',NULL,NULL),
(614,8,'Mambang','','',-8.5292447,115.0449448,'2022-05-24 10:09:39','2022-05-24 10:09:39',NULL,NULL),
(615,8,'Megati','','',-8.496255,115.0554444,'2022-05-24 10:09:39','2022-05-24 10:09:39',NULL,NULL),
(616,8,'Tangguntiti','','',-8.5365742,115.0316123,'2022-05-24 10:09:39','2022-05-24 10:09:39',NULL,NULL),
(617,8,'Tegal Mengkeb','','',-8.5332842,115.0119358,'2022-05-24 10:09:39','2022-05-24 10:09:39',NULL,NULL),
(618,8,'Bongan','','',-8.5651722,115.0889403,'2022-05-24 10:09:39','2022-05-24 10:09:39',NULL,NULL),
(619,8,'Buahan','','',-8.4976161,115.1383528,'2022-05-24 10:09:39','2022-05-24 10:09:39',NULL,NULL),
(620,8,'Dajan Peken','','',-8.5314102,115.1200333,'2022-05-24 10:09:40','2022-05-24 10:09:40',NULL,NULL),
(621,8,'Dauh Peken','','',-8.5428627,115.0992478,'2022-05-24 10:09:40','2022-05-24 10:09:40',NULL,NULL),
(622,8,'Delod Peken','','',-8.5473146,115.1210452,'2022-05-24 10:09:40','2022-05-24 10:09:40',NULL,NULL),
(623,8,'Denbantas','','',-8.5086397,115.1171678,'2022-05-24 10:09:40','2022-05-24 10:09:40',NULL,NULL),
(624,8,'Gubug','','',-8.5547892,115.0808033,'2022-05-24 10:09:40','2022-05-24 10:09:40',NULL,NULL),
(625,8,'Sesandan','','',-8.474985,115.1354147,'2022-05-24 10:09:40','2022-05-24 10:09:40',NULL,NULL),
(626,8,'Subamia','','',-8.4925216,115.0857393,'2022-05-24 10:09:40','2022-05-24 10:09:40',NULL,NULL),
(627,8,'Sudimara','','',-8.5740202,115.0580948,'2022-05-24 10:09:40','2022-05-24 10:09:40',NULL,NULL),
(628,8,'Tunjuk','','',-8.4652982,115.1321703,'2022-05-24 10:09:40','2022-05-24 10:09:40',NULL,NULL),
(629,8,'Wanasari','','',-8.5053675,115.0949988,'2022-05-24 10:09:40','2022-05-24 10:09:40',NULL,NULL),
(630,10,'Gili Trawangan',NULL,NULL,-8.3502879,116.0274514,'2022-05-25 17:46:21','2022-05-25 17:46:21',1,1),
(631,7,'Nusa Penida',NULL,NULL,-8.7453969,115.4675994,'2022-06-03 20:02:40','2022-06-03 20:02:44',1,1);

/*Table structure for table `restaurant_save` */

DROP TABLE IF EXISTS `restaurant_save`;

CREATE TABLE `restaurant_save` (
  `id_restaurantsave` int(11) NOT NULL AUTO_INCREMENT,
  `id_restaurant` int(11) NOT NULL,
  `id_user` int(11) NOT NULL,
  `created_at` timestamp NOT NULL DEFAULT CURRENT_TIMESTAMP,
  `updated_at` timestamp NOT NULL DEFAULT CURRENT_TIMESTAMP,
  `created_by` int(11) NOT NULL,
  `updated_by` int(11) NOT NULL,
  PRIMARY KEY (`id_restaurantsave`)
) ENGINE=InnoDB AUTO_INCREMENT=27 DEFAULT CHARSET=utf8mb4;

/*Data for the table `restaurant_save` */

insert  into `restaurant_save`(`id_restaurantsave`,`id_restaurant`,`id_user`,`created_at`,`updated_at`,`created_by`,`updated_by`) values 
(1,1,1,'2022-03-31 02:13:04','2022-03-31 02:13:04',1,1),
(8,20,1,'2022-06-22 00:07:45','2022-06-22 00:07:45',1,1),
(11,129,1,'2022-06-29 02:01:44','2022-06-29 02:01:44',1,1),
(12,65,209,'2022-07-03 12:47:09','2022-07-03 12:47:09',209,209),
(13,14,209,'2022-07-03 12:47:21','2022-07-03 12:47:21',209,209),
(14,48,209,'2022-07-03 16:44:24','2022-07-03 16:44:24',209,209),
(15,63,209,'2022-07-03 16:44:36','2022-07-03 16:44:36',209,209),
(16,85,209,'2022-07-03 16:45:02','2022-07-03 16:45:02',209,209),
(17,78,209,'2022-07-07 17:16:14','2022-07-07 17:16:14',209,209),
(18,95,1,'2022-07-15 15:20:21','2022-07-15 15:20:21',1,1),
(20,84,1,'2022-07-15 15:20:28','2022-07-15 15:20:28',1,1),
(22,89,1,'2022-07-15 15:20:33','2022-07-15 15:20:33',1,1),
(23,91,1,'2022-07-22 10:16:17','2022-07-22 10:16:17',1,1),
(26,83,302,'2022-07-26 17:16:47','2022-07-26 17:16:47',302,302);

/*Table structure for table `villa_save` */

DROP TABLE IF EXISTS `villa_save`;

CREATE TABLE `villa_save` (
  `id_villasave` int(11) NOT NULL AUTO_INCREMENT,
  `id_villa` int(11) NOT NULL,
  `id_user` int(11) NOT NULL,
  `created_at` timestamp NOT NULL DEFAULT CURRENT_TIMESTAMP,
  `updated_at` timestamp NOT NULL DEFAULT CURRENT_TIMESTAMP,
  `created_by` int(11) NOT NULL,
  `updated_by` int(11) NOT NULL,
  PRIMARY KEY (`id_villasave`)
) ENGINE=InnoDB AUTO_INCREMENT=49 DEFAULT CHARSET=utf8mb4;

/*Data for the table `villa_save` */

insert  into `villa_save`(`id_villasave`,`id_villa`,`id_user`,`created_at`,`updated_at`,`created_by`,`updated_by`) values 
(1,20,1,'2022-03-24 01:01:52','2022-03-24 01:01:52',18,18),
(2,18,1,'2022-03-24 01:04:35','2022-03-24 01:04:35',18,18),
(4,14,1,'2022-03-24 20:52:21','2022-03-24 20:52:21',22,22),
(8,159,1,'2022-06-11 02:00:01','2022-06-11 02:00:01',1,1),
(9,135,1,'2022-06-11 02:00:26','2022-06-11 02:00:26',1,1),
(10,157,1,'2022-06-11 02:00:34','2022-06-11 02:00:34',1,1),
(11,133,1,'2022-06-11 02:00:38','2022-06-11 02:00:38',1,1),
(12,177,209,'2022-06-11 02:00:45','2022-06-11 02:00:45',1,1),
(13,37,1,'2022-06-11 02:00:48','2022-06-11 02:00:48',1,1),
(14,191,209,'2022-06-11 02:00:51','2022-06-11 02:00:51',1,1),
(18,114,209,'2022-06-14 02:04:43','2022-06-14 02:04:43',1,1),
(27,115,209,'2022-06-17 02:15:25','2022-06-17 02:15:25',1,1),
(28,257,209,'2022-06-18 02:02:17','2022-06-18 02:02:17',1,1),
(40,196,209,'2022-07-01 13:27:17','2022-07-01 13:27:17',209,209),
(42,283,209,'2022-07-01 21:40:37','2022-07-01 21:40:37',209,209),
(45,285,209,'2022-07-01 21:51:23','2022-07-01 21:51:23',209,209),
(46,2,209,'2022-07-03 20:33:11','2022-07-03 20:33:11',209,209),
(47,287,209,'2022-07-08 10:28:38','2022-07-08 10:28:38',209,209),
(48,90,208,'2022-07-10 06:02:57','2022-07-10 06:02:57',208,208);

/*!40101 SET SQL_MODE=@OLD_SQL_MODE */;
/*!40014 SET FOREIGN_KEY_CHECKS=@OLD_FOREIGN_KEY_CHECKS */;
/*!40014 SET UNIQUE_CHECKS=@OLD_UNIQUE_CHECKS */;
/*!40111 SET SQL_NOTES=@OLD_SQL_NOTES */;
